"","parking","rooms","balcony","terrace","price","elevator","surface","heating","swimming_pool","air_conditioner","tipo_vivienda"
"1",FALSE,3,FALSE,FALSE,299000,FALSE,129,TRUE,TRUE,TRUE,"Casa"
"2",FALSE,2,FALSE,FALSE,240000,FALSE,58,FALSE,FALSE,FALSE,"Piso"
"3",FALSE,2,FALSE,FALSE,251000,FALSE,54,FALSE,FALSE,FALSE,"Piso"
"4",FALSE,2,FALSE,FALSE,261000,TRUE,59,FALSE,FALSE,FALSE,"Piso"
"5",FALSE,3,FALSE,TRUE,349000,TRUE,101,TRUE,FALSE,FALSE,"Piso"
"6",TRUE,4,TRUE,TRUE,265000,FALSE,110,FALSE,FALSE,FALSE,"Piso"
"7",FALSE,4,TRUE,TRUE,390000,TRUE,117,FALSE,FALSE,FALSE,"Piso"
"8",FALSE,4,FALSE,TRUE,237800,FALSE,120,FALSE,FALSE,FALSE,"Casa"
"9",FALSE,3,TRUE,FALSE,495000,TRUE,97,TRUE,FALSE,FALSE,"Piso"
"10",FALSE,2,TRUE,TRUE,480000,TRUE,80,TRUE,FALSE,FALSE,"Piso"
"11",FALSE,2,FALSE,TRUE,480000,TRUE,80,TRUE,TRUE,FALSE,"Piso"
"12",FALSE,3,FALSE,FALSE,325000,TRUE,108,TRUE,FALSE,TRUE,"Piso"
"13",FALSE,2,FALSE,FALSE,268000,FALSE,68,FALSE,FALSE,FALSE,"Piso"
"14",FALSE,3,TRUE,FALSE,180000,TRUE,70,FALSE,FALSE,FALSE,"Piso"
"15",FALSE,3,TRUE,FALSE,330000,FALSE,90,TRUE,TRUE,TRUE,"Casa"
"16",FALSE,2,FALSE,FALSE,128000,FALSE,95,FALSE,FALSE,FALSE,"Casa"
"17",FALSE,3,TRUE,FALSE,320000,FALSE,100,TRUE,TRUE,TRUE,"Casa"
"18",FALSE,4,FALSE,TRUE,198000,FALSE,114,TRUE,FALSE,FALSE,"Casa"
"19",FALSE,2,TRUE,FALSE,210000,TRUE,83,TRUE,FALSE,FALSE,"Piso"
"20",FALSE,2,FALSE,TRUE,365000,TRUE,85,TRUE,FALSE,FALSE,"Piso"
"21",TRUE,2,FALSE,TRUE,425000,FALSE,81,FALSE,FALSE,FALSE,"Piso"
"22",FALSE,3,TRUE,TRUE,147000,FALSE,64,FALSE,FALSE,FALSE,"Piso"
"23",FALSE,2,FALSE,TRUE,167000,FALSE,68,FALSE,FALSE,TRUE,"Piso"
"24",FALSE,1,FALSE,FALSE,186455,TRUE,42,FALSE,FALSE,FALSE,"Piso"
"25",FALSE,4,TRUE,TRUE,345000,FALSE,200,TRUE,FALSE,TRUE,"Casa"
"26",FALSE,3,TRUE,TRUE,532500,FALSE,175,FALSE,TRUE,FALSE,"Casa"
"27",FALSE,4,FALSE,FALSE,379343,TRUE,114,FALSE,FALSE,FALSE,"Piso"
"29",FALSE,2,FALSE,FALSE,179900,FALSE,80,FALSE,FALSE,FALSE,"Piso"
"30",FALSE,3,FALSE,FALSE,249000,FALSE,152,FALSE,FALSE,FALSE,"Piso"
"31",FALSE,2,FALSE,FALSE,273000,FALSE,68,FALSE,FALSE,FALSE,"Piso"
"32",FALSE,2,FALSE,FALSE,240000,FALSE,58,FALSE,FALSE,FALSE,"Piso"
"33",FALSE,4,FALSE,FALSE,380000,FALSE,118,FALSE,FALSE,FALSE,"Otros"
"34",FALSE,3,FALSE,FALSE,249000,FALSE,152,FALSE,FALSE,FALSE,"Otros"
"35",FALSE,4,FALSE,FALSE,377000,FALSE,162,FALSE,FALSE,FALSE,"Piso"
"36",FALSE,3,FALSE,FALSE,440000,FALSE,155,FALSE,FALSE,FALSE,"Otros"
"37",FALSE,2,FALSE,FALSE,277000,FALSE,71,FALSE,FALSE,FALSE,"Piso"
"38",FALSE,2,FALSE,TRUE,240000,FALSE,75,FALSE,FALSE,FALSE,"Casa"
"39",FALSE,2,FALSE,FALSE,192000,TRUE,79,FALSE,FALSE,FALSE,"Piso"
"40",FALSE,2,FALSE,FALSE,310000,TRUE,62,FALSE,FALSE,FALSE,"Piso"
"42",FALSE,3,FALSE,FALSE,495000,FALSE,122,FALSE,FALSE,FALSE,"Piso"
"43",FALSE,2,FALSE,FALSE,258500,TRUE,73,FALSE,FALSE,FALSE,"Piso"
"44",FALSE,5,FALSE,FALSE,435000,TRUE,149,FALSE,FALSE,FALSE,"Piso"
"45",FALSE,4,FALSE,FALSE,296000,TRUE,130,FALSE,FALSE,FALSE,"Piso"
"46",FALSE,4,FALSE,FALSE,426354,FALSE,128,FALSE,FALSE,FALSE,"Piso"
"47",FALSE,3,FALSE,FALSE,207000,FALSE,75,FALSE,FALSE,FALSE,"Piso"
"48",FALSE,1,FALSE,FALSE,135000,FALSE,48,FALSE,FALSE,FALSE,"Piso"
"49",FALSE,4,FALSE,FALSE,299000,FALSE,129,FALSE,FALSE,FALSE,"Piso"
"50",FALSE,1,FALSE,FALSE,187340,FALSE,42,FALSE,FALSE,FALSE,"Piso"
"51",FALSE,4,FALSE,TRUE,197000,FALSE,114,FALSE,FALSE,FALSE,"Casa"
"52",FALSE,3,FALSE,FALSE,220000,FALSE,101,FALSE,FALSE,FALSE,"Piso"
"53",FALSE,4,FALSE,FALSE,244000,FALSE,112,FALSE,FALSE,FALSE,"Piso"
"54",FALSE,4,FALSE,FALSE,259000,FALSE,105,FALSE,FALSE,FALSE,"Piso"
"55",FALSE,3,FALSE,FALSE,165000,FALSE,69,FALSE,FALSE,FALSE,"Piso"
"56",FALSE,3,FALSE,FALSE,368500,FALSE,111,FALSE,FALSE,FALSE,"Piso"
"57",FALSE,3,FALSE,FALSE,229000,FALSE,134,FALSE,FALSE,FALSE,"Piso"
"58",FALSE,3,FALSE,FALSE,378000,TRUE,95,FALSE,FALSE,FALSE,"Piso"
"59",FALSE,3,FALSE,TRUE,420000,FALSE,153,FALSE,FALSE,FALSE,"Casa"
"61",FALSE,6,FALSE,TRUE,415000,FALSE,193,FALSE,FALSE,FALSE,"Casa"
"62",FALSE,1,FALSE,FALSE,179000,TRUE,40,FALSE,FALSE,FALSE,"Piso"
"63",FALSE,4,FALSE,FALSE,285000,FALSE,75,FALSE,FALSE,FALSE,"Piso"
"64",FALSE,4,FALSE,FALSE,325000,FALSE,108,FALSE,FALSE,FALSE,"Piso"
"65",FALSE,1,FALSE,FALSE,199000,FALSE,41,FALSE,FALSE,FALSE,"Piso"
"66",FALSE,4,FALSE,FALSE,340000,FALSE,198,FALSE,TRUE,FALSE,"Casa"
"67",FALSE,4,FALSE,FALSE,222000,FALSE,99,FALSE,FALSE,FALSE,"Piso"
"68",FALSE,3,FALSE,FALSE,255000,FALSE,80,FALSE,TRUE,FALSE,"Piso"
"69",FALSE,3,FALSE,FALSE,209000,FALSE,77,FALSE,FALSE,FALSE,"Piso"
"70",FALSE,3,TRUE,FALSE,120000,FALSE,68,FALSE,FALSE,FALSE,"Piso"
"71",FALSE,2,FALSE,FALSE,205000,TRUE,60,FALSE,FALSE,FALSE,"Piso"
"72",FALSE,3,FALSE,FALSE,186800,FALSE,82,FALSE,FALSE,FALSE,"Piso"
"73",FALSE,2,FALSE,FALSE,108000,FALSE,50,FALSE,FALSE,FALSE,"Piso"
"74",FALSE,2,FALSE,FALSE,219000,FALSE,70,FALSE,FALSE,FALSE,"Piso"
"75",FALSE,3,FALSE,FALSE,355000,FALSE,98,FALSE,FALSE,FALSE,"Piso"
"76",TRUE,2,FALSE,FALSE,238000,FALSE,72,FALSE,FALSE,FALSE,"Otros"
"77",FALSE,3,FALSE,TRUE,285000,FALSE,114,FALSE,FALSE,FALSE,"Casa"
"78",FALSE,3,FALSE,TRUE,3e+05,FALSE,105,FALSE,FALSE,FALSE,"Casa"
"79",FALSE,5,FALSE,TRUE,240000,FALSE,186,FALSE,FALSE,FALSE,"Casa"
"80",FALSE,2,FALSE,FALSE,239000,FALSE,140,FALSE,FALSE,FALSE,"Piso"
"81",FALSE,3,FALSE,FALSE,169000,FALSE,75,FALSE,FALSE,FALSE,"Piso"
"82",FALSE,3,FALSE,FALSE,154000,FALSE,83,FALSE,FALSE,FALSE,"Piso"
"83",FALSE,3,FALSE,FALSE,160000,FALSE,93,FALSE,FALSE,FALSE,"Piso"
"84",FALSE,4,FALSE,FALSE,368500,FALSE,106,FALSE,FALSE,FALSE,"Piso"
"85",FALSE,3,FALSE,FALSE,199000,FALSE,116,FALSE,FALSE,FALSE,"Piso"
"86",FALSE,4,FALSE,FALSE,399000,TRUE,116,FALSE,FALSE,FALSE,"Piso"
"87",FALSE,4,FALSE,FALSE,290000,FALSE,110,FALSE,FALSE,FALSE,"Piso"
"88",FALSE,4,FALSE,FALSE,275000,FALSE,80,FALSE,FALSE,FALSE,"Piso"
"89",FALSE,4,FALSE,TRUE,189000,FALSE,160,FALSE,FALSE,FALSE,"Casa"
"90",FALSE,3,FALSE,FALSE,199000,FALSE,85,FALSE,FALSE,FALSE,"Piso"
"91",FALSE,4,FALSE,FALSE,186000,FALSE,94,FALSE,FALSE,FALSE,"Piso"
"92",FALSE,3,FALSE,FALSE,375000,TRUE,80,FALSE,FALSE,FALSE,"Piso"
"94",FALSE,3,FALSE,TRUE,590000,FALSE,197,FALSE,FALSE,FALSE,"Casa"
"95",FALSE,4,FALSE,FALSE,215000,FALSE,110,FALSE,FALSE,FALSE,"Piso"
"97",FALSE,3,FALSE,TRUE,590000,FALSE,197,FALSE,FALSE,FALSE,"Casa"
"98",FALSE,3,FALSE,FALSE,225000,FALSE,88,FALSE,FALSE,FALSE,"Piso"
"99",FALSE,3,FALSE,FALSE,179000,FALSE,83,FALSE,FALSE,FALSE,"Piso"
"100",FALSE,4,FALSE,FALSE,201500,FALSE,125,FALSE,FALSE,FALSE,"Piso"
"101",FALSE,2,FALSE,FALSE,265000,FALSE,111,TRUE,FALSE,FALSE,"Piso"
"102",FALSE,3,FALSE,FALSE,129000,TRUE,91,FALSE,FALSE,FALSE,"Piso"
"103",FALSE,3,FALSE,FALSE,129000,TRUE,91,FALSE,FALSE,FALSE,"Piso"
"106",FALSE,4,FALSE,TRUE,420000,FALSE,200,FALSE,FALSE,FALSE,"Casa"
"107",FALSE,4,FALSE,TRUE,375000,FALSE,206,FALSE,FALSE,FALSE,"Casa"
"108",FALSE,5,FALSE,TRUE,429800,FALSE,203,FALSE,FALSE,FALSE,"Casa"
"109",FALSE,6,FALSE,FALSE,265000,FALSE,204,FALSE,FALSE,FALSE,"Casa"
"111",FALSE,3,FALSE,FALSE,274890,FALSE,64,FALSE,FALSE,FALSE,"Piso"
"114",FALSE,3,FALSE,FALSE,239000,FALSE,92,TRUE,FALSE,TRUE,"Piso"
"115",FALSE,2,FALSE,TRUE,198000,FALSE,70,FALSE,FALSE,FALSE,"Piso"
"116",TRUE,4,FALSE,FALSE,275000,TRUE,80,FALSE,FALSE,FALSE,"Piso"
"117",FALSE,3,FALSE,FALSE,161000,FALSE,90,TRUE,FALSE,TRUE,"Piso"
"118",FALSE,2,FALSE,FALSE,205000,FALSE,80,FALSE,FALSE,FALSE,"Piso"
"119",FALSE,3,FALSE,FALSE,235000,TRUE,75,FALSE,FALSE,FALSE,"Piso"
"121",FALSE,2,FALSE,FALSE,136000,FALSE,61,FALSE,FALSE,FALSE,"Piso"
"122",FALSE,4,FALSE,FALSE,225000,TRUE,87,FALSE,FALSE,FALSE,"Piso"
"124",FALSE,4,FALSE,FALSE,265000,TRUE,105,FALSE,FALSE,FALSE,"Piso"
"125",FALSE,3,FALSE,FALSE,140000,FALSE,71,FALSE,FALSE,FALSE,"Piso"
"126",FALSE,2,FALSE,FALSE,185000,TRUE,65,FALSE,FALSE,FALSE,"Piso"
"127",FALSE,4,FALSE,TRUE,173000,FALSE,98,FALSE,FALSE,FALSE,"Piso"
"128",FALSE,4,FALSE,FALSE,250000,TRUE,140,FALSE,FALSE,FALSE,"Piso"
"129",FALSE,3,FALSE,FALSE,120000,FALSE,69,FALSE,FALSE,FALSE,"Piso"
"130",FALSE,3,FALSE,FALSE,260000,TRUE,70,FALSE,FALSE,FALSE,"Piso"
"131",FALSE,3,FALSE,FALSE,274619,FALSE,129,FALSE,FALSE,FALSE,"Piso"
"133",FALSE,3,FALSE,FALSE,82800,FALSE,67,FALSE,FALSE,FALSE,"Piso"
"134",FALSE,4,FALSE,TRUE,280000,FALSE,153,TRUE,FALSE,FALSE,"Casa"
"135",FALSE,4,FALSE,FALSE,372900,TRUE,109,FALSE,FALSE,FALSE,"Piso"
"136",FALSE,4,FALSE,FALSE,285000,TRUE,75,FALSE,FALSE,FALSE,"Piso"
"137",TRUE,2,FALSE,FALSE,182000,TRUE,71,FALSE,FALSE,FALSE,"Piso"
"138",TRUE,3,FALSE,FALSE,218000,TRUE,96,FALSE,FALSE,FALSE,"Piso"
"140",FALSE,4,FALSE,FALSE,556000,TRUE,115,FALSE,FALSE,FALSE,"Piso"
"141",FALSE,4,FALSE,FALSE,461000,TRUE,115,FALSE,FALSE,FALSE,"Piso"
"142",FALSE,3,FALSE,FALSE,4e+05,TRUE,95,FALSE,FALSE,FALSE,"Piso"
"143",FALSE,3,FALSE,FALSE,348000,TRUE,86,FALSE,FALSE,FALSE,"Piso"
"144",FALSE,3,FALSE,FALSE,293000,TRUE,85,FALSE,FALSE,FALSE,"Piso"
"145",FALSE,3,FALSE,FALSE,397000,TRUE,97,FALSE,FALSE,FALSE,"Piso"
"146",FALSE,4,FALSE,FALSE,574000,TRUE,120,FALSE,FALSE,FALSE,"Piso"
"147",FALSE,3,FALSE,FALSE,357000,TRUE,85,FALSE,FALSE,FALSE,"Piso"
"148",FALSE,2,FALSE,FALSE,262000,TRUE,69,FALSE,FALSE,FALSE,"Piso"
"149",FALSE,3,FALSE,FALSE,328000,TRUE,86,FALSE,FALSE,FALSE,"Piso"
"150",FALSE,2,FALSE,FALSE,268000,TRUE,68,FALSE,FALSE,FALSE,"Piso"
"151",FALSE,3,FALSE,FALSE,295800,FALSE,102,FALSE,FALSE,FALSE,"Piso"
"152",FALSE,2,FALSE,FALSE,204000,FALSE,71,FALSE,FALSE,FALSE,"Piso"
"153",FALSE,2,FALSE,FALSE,189400,FALSE,70,FALSE,FALSE,FALSE,"Piso"
"154",FALSE,2,FALSE,FALSE,187000,FALSE,81,FALSE,FALSE,FALSE,"Piso"
"155",FALSE,4,FALSE,TRUE,375000,FALSE,173,FALSE,FALSE,FALSE,"Casa"
"156",FALSE,3,FALSE,FALSE,219500,TRUE,88,FALSE,FALSE,FALSE,"Piso"
"157",FALSE,2,FALSE,TRUE,145000,FALSE,61,FALSE,FALSE,FALSE,"Piso"
"158",FALSE,2,FALSE,FALSE,167900,TRUE,61,FALSE,FALSE,FALSE,"Piso"
"159",FALSE,2,FALSE,FALSE,157990,TRUE,43,FALSE,FALSE,FALSE,"Piso"
"160",TRUE,3,FALSE,FALSE,326000,TRUE,79,FALSE,FALSE,FALSE,"Piso"
"161",FALSE,4,FALSE,FALSE,280000,TRUE,84,FALSE,FALSE,FALSE,"Piso"
"162",TRUE,3,FALSE,FALSE,380000,TRUE,97,FALSE,FALSE,FALSE,"Piso"
"163",FALSE,3,FALSE,FALSE,189474,TRUE,71,FALSE,FALSE,FALSE,"Piso"
"164",FALSE,3,FALSE,FALSE,156000,TRUE,72,FALSE,FALSE,FALSE,"Piso"
"165",FALSE,3,FALSE,FALSE,290000,TRUE,117,FALSE,FALSE,FALSE,"Piso"
"166",FALSE,3,FALSE,FALSE,259000,TRUE,152,FALSE,FALSE,FALSE,"Otros"
"167",FALSE,3,FALSE,FALSE,373000,FALSE,106,FALSE,FALSE,FALSE,"Piso"
"168",FALSE,3,FALSE,FALSE,280000,FALSE,111,FALSE,FALSE,FALSE,"Piso"
"169",FALSE,3,FALSE,FALSE,296000,FALSE,112,FALSE,FALSE,FALSE,"Piso"
"170",FALSE,3,FALSE,FALSE,398000,FALSE,89,FALSE,FALSE,FALSE,"Piso"
"172",FALSE,2,FALSE,FALSE,304000,FALSE,70,FALSE,FALSE,FALSE,"Piso"
"173",FALSE,2,FALSE,FALSE,305000,FALSE,68,FALSE,FALSE,FALSE,"Piso"
"174",FALSE,2,FALSE,FALSE,319000,FALSE,70,FALSE,FALSE,FALSE,"Piso"
"175",FALSE,2,FALSE,FALSE,310000,FALSE,69,FALSE,FALSE,FALSE,"Piso"
"176",FALSE,2,FALSE,FALSE,315000,FALSE,68,FALSE,FALSE,FALSE,"Piso"
"177",FALSE,3,FALSE,FALSE,341300,FALSE,151,FALSE,FALSE,FALSE,"Otros"
"178",FALSE,2,FALSE,FALSE,178000,FALSE,90,TRUE,FALSE,FALSE,"Piso"
"179",FALSE,4,FALSE,FALSE,490000,FALSE,103,FALSE,FALSE,FALSE,"Piso"
"180",FALSE,3,FALSE,FALSE,360000,FALSE,89,FALSE,FALSE,FALSE,"Piso"
"181",FALSE,3,FALSE,FALSE,199900,TRUE,68,FALSE,FALSE,FALSE,"Piso"
"182",FALSE,2,FALSE,FALSE,90000,FALSE,82,FALSE,FALSE,FALSE,"Piso"
"183",FALSE,6,FALSE,FALSE,237360,FALSE,129,FALSE,FALSE,FALSE,"Casa"
"184",TRUE,3,FALSE,FALSE,315000,FALSE,105,FALSE,FALSE,TRUE,"Piso"
"185",TRUE,4,FALSE,FALSE,239000,FALSE,126,FALSE,FALSE,TRUE,"Piso"
"187",TRUE,3,FALSE,FALSE,312000,FALSE,129,FALSE,FALSE,TRUE,"Piso"
"188",TRUE,4,FALSE,FALSE,349800,TRUE,106,FALSE,FALSE,FALSE,"Piso"
"189",TRUE,3,FALSE,FALSE,324500,TRUE,91,FALSE,FALSE,FALSE,"Piso"
"190",FALSE,4,FALSE,FALSE,125690,FALSE,68,FALSE,FALSE,FALSE,"Piso"
"191",FALSE,3,FALSE,FALSE,91000,FALSE,80,FALSE,FALSE,FALSE,"Piso"
"192",FALSE,2,FALSE,FALSE,258500,FALSE,73,FALSE,FALSE,FALSE,"Otros"
"193",TRUE,3,FALSE,FALSE,495000,TRUE,89,FALSE,FALSE,FALSE,"Piso"
"194",TRUE,3,FALSE,FALSE,475000,TRUE,89,FALSE,FALSE,FALSE,"Piso"
"195",TRUE,2,FALSE,FALSE,430000,TRUE,64,FALSE,FALSE,FALSE,"Piso"
"196",FALSE,4,FALSE,TRUE,270000,FALSE,189,FALSE,FALSE,FALSE,"Casa"
"197",FALSE,3,FALSE,FALSE,495000,FALSE,117,FALSE,FALSE,FALSE,"Piso"
"198",FALSE,3,FALSE,FALSE,485000,FALSE,122,FALSE,FALSE,FALSE,"Piso"
"199",FALSE,2,FALSE,TRUE,179000,FALSE,61,FALSE,FALSE,TRUE,"Piso"
"202",TRUE,4,FALSE,FALSE,345000,TRUE,108,FALSE,FALSE,FALSE,"Piso"
"203",FALSE,4,FALSE,FALSE,399379,TRUE,119,FALSE,FALSE,FALSE,"Piso"
"204",FALSE,3,FALSE,TRUE,350000,FALSE,182,FALSE,FALSE,FALSE,"Casa"
"205",TRUE,4,FALSE,FALSE,379343,FALSE,114,FALSE,FALSE,FALSE,"Piso"
"206",FALSE,4,FALSE,FALSE,479695,TRUE,127,FALSE,FALSE,FALSE,"Piso"
"207",FALSE,4,FALSE,FALSE,379343,TRUE,114,TRUE,FALSE,FALSE,"Piso"
"208",FALSE,4,FALSE,FALSE,276400,FALSE,158,TRUE,FALSE,FALSE,"Casa"
"209",FALSE,4,FALSE,FALSE,157990,TRUE,74,FALSE,FALSE,TRUE,"Piso"
"210",FALSE,3,FALSE,FALSE,150000,TRUE,58,FALSE,FALSE,FALSE,"Piso"
"211",FALSE,3,FALSE,FALSE,350000,FALSE,82,FALSE,FALSE,FALSE,"Piso"
"212",FALSE,3,FALSE,TRUE,117000,FALSE,56,FALSE,FALSE,FALSE,"Piso"
"213",FALSE,3,FALSE,FALSE,306000,FALSE,104,FALSE,FALSE,FALSE,"Piso"
"214",FALSE,2,FALSE,FALSE,102000,FALSE,65,FALSE,FALSE,FALSE,"Casa"
"215",FALSE,4,FALSE,FALSE,375000,FALSE,206,FALSE,FALSE,FALSE,"Casa"
"216",FALSE,2,FALSE,FALSE,286670,FALSE,64,FALSE,FALSE,FALSE,"Piso"
"218",FALSE,3,FALSE,TRUE,192850,FALSE,100,FALSE,FALSE,FALSE,"Piso"
"219",FALSE,2,FALSE,FALSE,186000,FALSE,113,FALSE,FALSE,FALSE,"Otros"
"220",FALSE,4,FALSE,FALSE,375000,FALSE,206,FALSE,FALSE,FALSE,"Casa"
"221",FALSE,3,FALSE,TRUE,198000,FALSE,88,FALSE,FALSE,FALSE,"Piso"
"222",FALSE,3,FALSE,FALSE,265000,FALSE,130,FALSE,FALSE,FALSE,"Piso"
"223",FALSE,3,FALSE,FALSE,274890,TRUE,64,FALSE,FALSE,FALSE,"Piso"
"225",FALSE,3,FALSE,TRUE,253056.201527721,FALSE,171,FALSE,FALSE,FALSE,"Piso"
"226",FALSE,3,FALSE,FALSE,350000,FALSE,82,FALSE,FALSE,FALSE,"Piso"
"227",FALSE,3,FALSE,FALSE,138500,FALSE,60,FALSE,FALSE,FALSE,"Piso"
"228",FALSE,4,FALSE,FALSE,279000,TRUE,124,FALSE,FALSE,FALSE,"Piso"
"229",TRUE,3,FALSE,TRUE,420000,FALSE,102,FALSE,FALSE,FALSE,"Piso"
"230",FALSE,2,FALSE,FALSE,368500,TRUE,105,FALSE,FALSE,FALSE,"Piso"
"231",FALSE,3,FALSE,TRUE,207000,FALSE,63,FALSE,FALSE,FALSE,"Piso"
"232",FALSE,3,FALSE,FALSE,459888,TRUE,103,FALSE,FALSE,FALSE,"Piso"
"233",FALSE,4,FALSE,FALSE,186000,FALSE,113,FALSE,FALSE,FALSE,"Otros"
"235",FALSE,4,FALSE,TRUE,375000,FALSE,205,FALSE,FALSE,FALSE,"Casa"
"236",FALSE,4,FALSE,FALSE,208220,FALSE,125,FALSE,FALSE,FALSE,"Piso"
"237",FALSE,2,FALSE,FALSE,175980,TRUE,42,FALSE,FALSE,FALSE,"Piso"
"238",FALSE,4,FALSE,FALSE,237800,FALSE,90,TRUE,FALSE,FALSE,"Casa"
"239",FALSE,2,FALSE,TRUE,128000,FALSE,95,FALSE,FALSE,FALSE,"Casa"
"240",FALSE,2,FALSE,FALSE,255000,FALSE,168,FALSE,FALSE,FALSE,"Casa"
"241",FALSE,3,FALSE,TRUE,72000,FALSE,77,FALSE,FALSE,FALSE,"Piso"
"243",FALSE,3,FALSE,FALSE,389944,TRUE,103,FALSE,FALSE,FALSE,"Piso"
"244",FALSE,4,FALSE,FALSE,479695,TRUE,127,FALSE,FALSE,FALSE,"Piso"
"245",FALSE,2,FALSE,FALSE,247324,TRUE,64,FALSE,FALSE,FALSE,"Piso"
"246",FALSE,4,FALSE,FALSE,236000,FALSE,176,FALSE,FALSE,FALSE,"Casa"
"247",FALSE,3,FALSE,FALSE,255000,FALSE,168,FALSE,FALSE,FALSE,"Casa"
"248",FALSE,3,FALSE,FALSE,95700,FALSE,38,FALSE,FALSE,FALSE,"Piso"
"249",FALSE,2,FALSE,FALSE,178920,TRUE,43,FALSE,FALSE,FALSE,"Piso"
"250",FALSE,3,FALSE,FALSE,56000,FALSE,65,FALSE,FALSE,FALSE,"Casa"
"251",FALSE,3,FALSE,FALSE,350000,FALSE,82,FALSE,FALSE,FALSE,"Piso"
"252",FALSE,2,FALSE,FALSE,191460,TRUE,43,FALSE,FALSE,FALSE,"Piso"
"253",TRUE,3,FALSE,FALSE,394000,FALSE,209,FALSE,FALSE,FALSE,"Casa"
"254",FALSE,3,FALSE,FALSE,166000,FALSE,80,FALSE,FALSE,FALSE,"Piso"
"255",FALSE,2,FALSE,FALSE,230000,FALSE,111,FALSE,FALSE,FALSE,"Casa"
"256",FALSE,3,FALSE,FALSE,276400,FALSE,158,FALSE,FALSE,FALSE,"Casa"
"257",FALSE,4,FALSE,FALSE,304465.045430817,FALSE,152,FALSE,FALSE,FALSE,"Piso"
"258",FALSE,2,FALSE,FALSE,178920,TRUE,43,FALSE,FALSE,FALSE,"Piso"
"259",FALSE,3,FALSE,FALSE,249000,TRUE,125,FALSE,FALSE,FALSE,"Otros"
"260",TRUE,4,FALSE,FALSE,590000,FALSE,197,FALSE,FALSE,FALSE,"Casa"
"262",FALSE,2,FALSE,FALSE,205000,TRUE,44,FALSE,FALSE,FALSE,"Piso"
"263",FALSE,4,FALSE,FALSE,185000,TRUE,87,FALSE,FALSE,FALSE,"Piso"
"264",FALSE,3,FALSE,FALSE,314000,TRUE,65,FALSE,FALSE,FALSE,"Piso"
"265",FALSE,3,FALSE,FALSE,192850,FALSE,115,FALSE,FALSE,FALSE,"Piso"
"266",FALSE,2,FALSE,FALSE,258500,TRUE,73,FALSE,FALSE,FALSE,"Piso"
"267",FALSE,3,FALSE,FALSE,325000,TRUE,74,FALSE,FALSE,FALSE,"Piso"
"268",FALSE,3,FALSE,FALSE,325000,TRUE,74,FALSE,FALSE,FALSE,"Piso"
"269",FALSE,4,FALSE,TRUE,215000,FALSE,97,FALSE,FALSE,TRUE,"Piso"
"270",FALSE,2,FALSE,FALSE,178000,FALSE,85,TRUE,FALSE,FALSE,"Piso"
"271",FALSE,3,FALSE,FALSE,350000,FALSE,82,FALSE,FALSE,FALSE,"Piso"
"272",FALSE,4,FALSE,FALSE,290550,FALSE,180,TRUE,FALSE,FALSE,"Casa"
"273",FALSE,2,FALSE,FALSE,368500,TRUE,105,FALSE,FALSE,FALSE,"Piso"
"275",FALSE,4,FALSE,FALSE,399379,TRUE,119,TRUE,FALSE,FALSE,"Piso"
"276",FALSE,3,FALSE,TRUE,280000,FALSE,153,FALSE,FALSE,FALSE,"Casa"
"277",FALSE,4,FALSE,FALSE,335000,TRUE,112,FALSE,FALSE,FALSE,"Piso"
"279",FALSE,4,FALSE,FALSE,240000,TRUE,69,FALSE,FALSE,FALSE,"Piso"
"280",FALSE,4,FALSE,FALSE,208220,FALSE,118,FALSE,FALSE,FALSE,"Piso"
"281",FALSE,2,FALSE,FALSE,209000,FALSE,78,TRUE,FALSE,TRUE,"Piso"
"282",FALSE,3,FALSE,FALSE,285000,FALSE,155,TRUE,FALSE,FALSE,"Piso"
"283",FALSE,4,FALSE,FALSE,276400,FALSE,159,FALSE,FALSE,FALSE,"Casa"
"286",FALSE,3,FALSE,TRUE,255000,TRUE,69,FALSE,FALSE,FALSE,"Piso"
"288",FALSE,4,FALSE,TRUE,297800,FALSE,169,TRUE,FALSE,FALSE,"Casa"
"289",FALSE,4,FALSE,FALSE,289000,TRUE,110,FALSE,FALSE,FALSE,"Piso"
"290",FALSE,3,FALSE,FALSE,120000,TRUE,45,FALSE,FALSE,FALSE,"Otros"
"291",FALSE,3,FALSE,FALSE,230000,FALSE,88,FALSE,FALSE,FALSE,"Casa"
"293",FALSE,4,FALSE,TRUE,215000,FALSE,111,FALSE,FALSE,FALSE,"Piso"
"294",FALSE,4,FALSE,FALSE,220000,FALSE,90,TRUE,FALSE,TRUE,"Piso"
"295",FALSE,3,FALSE,FALSE,199000,FALSE,90,TRUE,FALSE,FALSE,"Piso"
"297",FALSE,3,FALSE,FALSE,135000,FALSE,42,TRUE,FALSE,TRUE,"Piso"
"298",FALSE,4,FALSE,FALSE,271000,TRUE,127,FALSE,FALSE,FALSE,"Piso"
"299",FALSE,2,FALSE,FALSE,194000,FALSE,105,FALSE,FALSE,FALSE,"Piso"
"300",FALSE,2,FALSE,FALSE,188000,TRUE,80,FALSE,FALSE,FALSE,"Piso"
"301",FALSE,3,FALSE,FALSE,210000,TRUE,92,FALSE,FALSE,FALSE,"Piso"
"302",FALSE,5,FALSE,TRUE,280000,FALSE,132,FALSE,FALSE,FALSE,"Casa"
"303",FALSE,3,FALSE,TRUE,199000,FALSE,85,FALSE,FALSE,FALSE,"Piso"
"304",FALSE,3,FALSE,FALSE,212800,TRUE,85,FALSE,FALSE,FALSE,"Piso"
"305",FALSE,4,FALSE,TRUE,169500,FALSE,100,FALSE,FALSE,FALSE,"Piso"
"306",FALSE,2,FALSE,TRUE,175000,FALSE,50,FALSE,FALSE,FALSE,"Piso"
"307",FALSE,2,FALSE,TRUE,298000,FALSE,200,FALSE,FALSE,FALSE,"Casa"
"308",FALSE,3,FALSE,TRUE,259000,FALSE,70,FALSE,FALSE,FALSE,"Casa"
"309",FALSE,2,FALSE,FALSE,149990,FALSE,50,FALSE,FALSE,FALSE,"Piso"
"310",FALSE,3,FALSE,FALSE,195000,FALSE,70,FALSE,FALSE,FALSE,"Piso"
"311",FALSE,2,FALSE,FALSE,105000,FALSE,55,FALSE,FALSE,FALSE,"Casa"
"312",FALSE,3,FALSE,TRUE,188900,FALSE,104,FALSE,FALSE,TRUE,"Casa"
"313",TRUE,4,FALSE,FALSE,299000,FALSE,100,FALSE,FALSE,FALSE,"Piso"
"314",FALSE,3,FALSE,FALSE,115000,FALSE,65,FALSE,FALSE,FALSE,"Piso"
"315",FALSE,2,FALSE,TRUE,146000,FALSE,60,FALSE,FALSE,FALSE,"Otros"
"316",FALSE,3,FALSE,FALSE,492000,FALSE,124,FALSE,FALSE,FALSE,"Piso"
"317",FALSE,4,FALSE,TRUE,195000,FALSE,114,TRUE,FALSE,FALSE,"Casa"
"318",TRUE,2,FALSE,FALSE,146000,FALSE,60,FALSE,FALSE,FALSE,"Piso"
"319",FALSE,3,FALSE,FALSE,155000,FALSE,70,FALSE,FALSE,TRUE,"Casa"
"320",FALSE,3,FALSE,FALSE,235400,TRUE,77,FALSE,FALSE,FALSE,"Piso"
"321",FALSE,2,FALSE,FALSE,135000,FALSE,65,FALSE,FALSE,FALSE,"Piso"
"322",FALSE,3,FALSE,FALSE,290000,TRUE,117,FALSE,FALSE,FALSE,"Piso"
"323",FALSE,2,FALSE,FALSE,110000,FALSE,92,FALSE,FALSE,FALSE,"Piso"
"324",FALSE,3,FALSE,TRUE,183400,FALSE,105,TRUE,FALSE,FALSE,"Casa"
"325",FALSE,3,FALSE,TRUE,125000,FALSE,57,FALSE,FALSE,FALSE,"Piso"
"326",FALSE,3,FALSE,TRUE,159000,FALSE,90,FALSE,FALSE,FALSE,"Casa"
"327",FALSE,3,FALSE,TRUE,258000,FALSE,177,FALSE,FALSE,FALSE,"Casa"
"328",FALSE,4,FALSE,FALSE,275000,TRUE,80,FALSE,FALSE,FALSE,"Piso"
"329",FALSE,3,FALSE,FALSE,210000,TRUE,90,FALSE,FALSE,FALSE,"Otros"
"330",FALSE,4,FALSE,FALSE,325000,TRUE,108,FALSE,FALSE,FALSE,"Piso"
"331",FALSE,2,FALSE,FALSE,179000,FALSE,80,FALSE,FALSE,FALSE,"Piso"
"332",FALSE,3,FALSE,FALSE,199000,FALSE,90,FALSE,FALSE,FALSE,"Piso"
"333",FALSE,4,FALSE,FALSE,275000,TRUE,98,FALSE,FALSE,FALSE,"Piso"
"334",FALSE,2,FALSE,FALSE,258500,TRUE,77,FALSE,FALSE,FALSE,"Piso"
"335",FALSE,3,FALSE,FALSE,324500,TRUE,91,FALSE,FALSE,FALSE,"Piso"
"336",FALSE,4,FALSE,FALSE,361900,TRUE,106,FALSE,FALSE,FALSE,"Piso"
"337",FALSE,4,FALSE,FALSE,349800,TRUE,106,FALSE,FALSE,FALSE,"Piso"
"338",FALSE,4,FALSE,FALSE,345000,TRUE,120,FALSE,FALSE,FALSE,"Piso"
"339",FALSE,4,FALSE,TRUE,278000,FALSE,180,FALSE,FALSE,FALSE,"Casa"
"341",FALSE,4,FALSE,TRUE,197000,FALSE,135,TRUE,FALSE,FALSE,"Casa"
"343",FALSE,3,FALSE,FALSE,368500,TRUE,112,FALSE,FALSE,FALSE,"Piso"
"344",FALSE,4,FALSE,TRUE,295000,TRUE,107,FALSE,FALSE,FALSE,"Piso"
"345",TRUE,3,FALSE,FALSE,427000,TRUE,100,FALSE,FALSE,FALSE,"Piso"
"346",FALSE,3,FALSE,TRUE,208000,FALSE,69,TRUE,FALSE,FALSE,"Piso"
"347",FALSE,3,FALSE,FALSE,120000,FALSE,69,FALSE,FALSE,FALSE,"Piso"
"349",FALSE,4,FALSE,FALSE,209000,FALSE,115,TRUE,FALSE,FALSE,"Piso"
"351",FALSE,3,FALSE,FALSE,167000,TRUE,97,FALSE,FALSE,FALSE,"Piso"
"352",FALSE,4,FALSE,FALSE,317000,TRUE,106,FALSE,FALSE,FALSE,"Piso"
"353",FALSE,3,FALSE,FALSE,120000,FALSE,69,FALSE,FALSE,FALSE,"Piso"
"354",FALSE,4,FALSE,TRUE,590000,TRUE,197,FALSE,FALSE,FALSE,"Casa"
"355",FALSE,2,FALSE,TRUE,178000,FALSE,85,FALSE,FALSE,FALSE,"Piso"
"356",FALSE,3,FALSE,FALSE,199000,FALSE,85,TRUE,FALSE,FALSE,"Piso"
"357",FALSE,2,FALSE,FALSE,178000,FALSE,85,TRUE,FALSE,FALSE,"Piso"
"358",FALSE,4,FALSE,FALSE,260000,TRUE,112,FALSE,FALSE,FALSE,"Piso"
"359",FALSE,3,FALSE,FALSE,350000,TRUE,82,FALSE,FALSE,FALSE,"Piso"
"360",FALSE,4,FALSE,TRUE,335000,FALSE,203,FALSE,FALSE,FALSE,"Casa"
"361",FALSE,4,FALSE,TRUE,330000,FALSE,164,FALSE,FALSE,FALSE,"Casa"
"362",FALSE,4,FALSE,FALSE,285000,TRUE,106,FALSE,FALSE,FALSE,"Piso"
"363",FALSE,4,FALSE,FALSE,357500,TRUE,106,FALSE,FALSE,FALSE,"Piso"
"364",FALSE,4,FALSE,FALSE,98000,FALSE,58,FALSE,FALSE,FALSE,"Piso"
"365",FALSE,3,FALSE,FALSE,260000,TRUE,100,FALSE,FALSE,FALSE,"Piso"
"366",FALSE,4,FALSE,TRUE,208220,FALSE,117,FALSE,FALSE,FALSE,"Piso"
"367",FALSE,3,FALSE,FALSE,245000,TRUE,80,FALSE,FALSE,FALSE,"Piso"
"368",TRUE,3,FALSE,FALSE,350000,FALSE,82,FALSE,FALSE,FALSE,"Piso"
"369",FALSE,3,FALSE,FALSE,2e+05,TRUE,77,FALSE,FALSE,FALSE,"Piso"
"370",FALSE,4,FALSE,FALSE,285000,TRUE,127,FALSE,FALSE,FALSE,"Piso"
"371",FALSE,3,FALSE,FALSE,120000,TRUE,40,FALSE,FALSE,FALSE,"Otros"
"372",FALSE,4,FALSE,FALSE,310000,TRUE,100,FALSE,FALSE,FALSE,"Piso"
"373",TRUE,3,FALSE,FALSE,265000,TRUE,70,FALSE,FALSE,FALSE,"Piso"
"374",FALSE,5,FALSE,FALSE,550000,TRUE,180,FALSE,FALSE,FALSE,"Piso"
"376",FALSE,3,FALSE,TRUE,379000,TRUE,110,FALSE,FALSE,FALSE,"Piso"
"377",FALSE,3,FALSE,FALSE,180000,FALSE,92,TRUE,FALSE,FALSE,"Piso"
"378",FALSE,3,FALSE,FALSE,395000,TRUE,72,FALSE,FALSE,FALSE,"Piso"
"379",FALSE,4,FALSE,TRUE,125000,FALSE,50,FALSE,FALSE,FALSE,"Otros"
"380",FALSE,4,FALSE,TRUE,248000,FALSE,176,FALSE,FALSE,FALSE,"Casa"
"381",TRUE,3,FALSE,FALSE,297000,TRUE,105,FALSE,FALSE,FALSE,"Piso"
"382",FALSE,3,FALSE,FALSE,180000,TRUE,74,FALSE,FALSE,FALSE,"Piso"
"383",FALSE,5,FALSE,FALSE,415000,FALSE,193,TRUE,FALSE,FALSE,"Casa"
"384",FALSE,3,FALSE,TRUE,350000,FALSE,82,FALSE,FALSE,FALSE,"Piso"
"385",FALSE,2,FALSE,FALSE,85000,FALSE,48,FALSE,FALSE,TRUE,"Piso"
"386",FALSE,3,FALSE,TRUE,326000,FALSE,120,FALSE,FALSE,FALSE,"Piso"
"388",FALSE,4,FALSE,FALSE,215000,FALSE,111,FALSE,FALSE,FALSE,"Piso"
"389",TRUE,3,FALSE,FALSE,350000,FALSE,82,FALSE,FALSE,FALSE,"Piso"
"390",FALSE,3,FALSE,FALSE,199000,FALSE,85,TRUE,FALSE,FALSE,"Piso"
"391",FALSE,3,FALSE,FALSE,175000,FALSE,78,FALSE,FALSE,TRUE,"Piso"
"392",FALSE,2,FALSE,FALSE,89000,FALSE,60,FALSE,FALSE,FALSE,"Piso"
"393",FALSE,2,FALSE,FALSE,230000,TRUE,79,FALSE,FALSE,FALSE,"Piso"
"394",FALSE,4,FALSE,FALSE,310000,TRUE,150,FALSE,FALSE,FALSE,"Otros"
"395",FALSE,3,FALSE,FALSE,309000,TRUE,129,FALSE,FALSE,FALSE,"Piso"
"396",FALSE,4,FALSE,FALSE,275000,TRUE,90,FALSE,FALSE,FALSE,"Piso"
"397",FALSE,3,FALSE,FALSE,220000,TRUE,75,FALSE,FALSE,FALSE,"Piso"
"398",FALSE,3,FALSE,FALSE,140000,TRUE,131,FALSE,FALSE,FALSE,"Piso"
"399",FALSE,3,FALSE,FALSE,210000,TRUE,63,FALSE,FALSE,FALSE,"Piso"
"400",FALSE,3,FALSE,FALSE,205000,FALSE,101,TRUE,FALSE,FALSE,"Piso"
"401",FALSE,4,FALSE,TRUE,315000,FALSE,120,FALSE,FALSE,FALSE,"Casa"
"402",TRUE,2,FALSE,TRUE,399000,FALSE,45,FALSE,FALSE,FALSE,"Otros"
"403",FALSE,3,FALSE,TRUE,375000,TRUE,86,FALSE,FALSE,FALSE,"Piso"
"404",FALSE,4,FALSE,FALSE,285000,TRUE,75,FALSE,FALSE,FALSE,"Piso"
"405",FALSE,5,FALSE,TRUE,369000,TRUE,206,FALSE,FALSE,FALSE,"Casa"
"406",FALSE,3,FALSE,FALSE,199000,FALSE,80,FALSE,FALSE,FALSE,"Piso"
"408",FALSE,2,FALSE,FALSE,85000,FALSE,80,FALSE,FALSE,FALSE,"Piso"
"409",FALSE,3,FALSE,TRUE,375000,TRUE,91,FALSE,FALSE,FALSE,"Piso"
"411",FALSE,3,FALSE,TRUE,205000,FALSE,79,FALSE,FALSE,FALSE,"Piso"
"412",FALSE,3,FALSE,FALSE,169900,TRUE,70,FALSE,FALSE,FALSE,"Piso"
"413",FALSE,3,FALSE,FALSE,174900,FALSE,78,FALSE,FALSE,FALSE,"Piso"
"414",FALSE,4,FALSE,TRUE,375000,FALSE,205,FALSE,FALSE,FALSE,"Casa"
"415",FALSE,2,FALSE,FALSE,178000,FALSE,85,FALSE,FALSE,FALSE,"Piso"
"416",FALSE,3,FALSE,FALSE,260000,TRUE,102,FALSE,FALSE,FALSE,"Piso"
"417",FALSE,2,FALSE,FALSE,185000,TRUE,70,FALSE,FALSE,FALSE,"Piso"
"418",FALSE,3,FALSE,FALSE,180000,TRUE,70,FALSE,FALSE,FALSE,"Piso"
"419",FALSE,3,FALSE,FALSE,175000,FALSE,100,FALSE,FALSE,FALSE,"Piso"
"420",FALSE,2,FALSE,FALSE,165000,FALSE,48,FALSE,FALSE,TRUE,"Piso"
"425",FALSE,5,FALSE,TRUE,615000,FALSE,145,FALSE,FALSE,FALSE,"Casa"
"427",FALSE,2,FALSE,FALSE,360000,TRUE,110,FALSE,FALSE,FALSE,"Piso"
"428",FALSE,5,FALSE,TRUE,279000,FALSE,204,FALSE,FALSE,FALSE,"Casa"
"429",FALSE,3,FALSE,FALSE,2e+05,TRUE,74,FALSE,FALSE,FALSE,"Piso"
"430",FALSE,3,FALSE,FALSE,485000,TRUE,117,FALSE,FALSE,FALSE,"Piso"
"431",FALSE,4,FALSE,FALSE,354800,FALSE,134,FALSE,FALSE,FALSE,"Piso"
"432",FALSE,3,FALSE,FALSE,350500,FALSE,111,FALSE,FALSE,FALSE,"Piso"
"433",FALSE,3,FALSE,FALSE,353500,FALSE,112,FALSE,FALSE,FALSE,"Piso"
"434",FALSE,3,FALSE,FALSE,296700,FALSE,106,FALSE,FALSE,FALSE,"Piso"
"435",FALSE,3,FALSE,FALSE,289100,FALSE,95,FALSE,FALSE,FALSE,"Piso"
"436",FALSE,3,FALSE,FALSE,279900,FALSE,106,FALSE,FALSE,FALSE,"Piso"
"437",FALSE,2,FALSE,FALSE,217800,FALSE,75,FALSE,FALSE,FALSE,"Piso"
"438",FALSE,2,FALSE,FALSE,197440,TRUE,43,FALSE,FALSE,FALSE,"Piso"
"439",FALSE,3,FALSE,FALSE,165000,TRUE,65,TRUE,FALSE,FALSE,"Piso"
"440",FALSE,3,FALSE,FALSE,329000,TRUE,122,FALSE,FALSE,FALSE,"Piso"
"441",FALSE,2,FALSE,FALSE,165000,FALSE,52,FALSE,FALSE,TRUE,"Piso"
"442",FALSE,3,FALSE,TRUE,154000,TRUE,60,FALSE,FALSE,FALSE,"Piso"
"443",FALSE,2,FALSE,FALSE,183000,TRUE,65,FALSE,FALSE,FALSE,"Piso"
"444",FALSE,5,FALSE,TRUE,295000,FALSE,140,FALSE,FALSE,FALSE,"Piso"
"446",FALSE,4,FALSE,FALSE,275000,TRUE,80,FALSE,FALSE,FALSE,"Piso"
"447",FALSE,2,FALSE,FALSE,218000,TRUE,75,FALSE,FALSE,FALSE,"Piso"
"448",FALSE,3,FALSE,FALSE,311000,TRUE,94,FALSE,FALSE,FALSE,"Piso"
"449",FALSE,4,FALSE,TRUE,375000,FALSE,205,FALSE,FALSE,FALSE,"Casa"
"450",FALSE,2,FALSE,TRUE,315000,FALSE,82,FALSE,FALSE,FALSE,"Piso"
"451",FALSE,3,FALSE,TRUE,315000,FALSE,109,FALSE,FALSE,FALSE,"Casa"
"452",FALSE,3,FALSE,FALSE,249500,TRUE,98,FALSE,FALSE,FALSE,"Piso"
"453",FALSE,4,FALSE,FALSE,289500,TRUE,114,FALSE,FALSE,FALSE,"Piso"
"454",FALSE,3,FALSE,FALSE,244500,TRUE,105,FALSE,FALSE,FALSE,"Piso"
"455",FALSE,3,FALSE,FALSE,224500,TRUE,96,FALSE,FALSE,FALSE,"Piso"
"456",FALSE,3,FALSE,FALSE,229500,TRUE,87,FALSE,FALSE,FALSE,"Piso"
"457",FALSE,2,FALSE,FALSE,199500,TRUE,72,FALSE,FALSE,FALSE,"Piso"
"458",FALSE,3,FALSE,FALSE,193700,TRUE,43,FALSE,FALSE,FALSE,"Otros"
"459",FALSE,2,FALSE,FALSE,191790,TRUE,42,FALSE,FALSE,FALSE,"Piso"
"460",FALSE,2,FALSE,FALSE,191460,TRUE,42,FALSE,FALSE,FALSE,"Piso"
"461",FALSE,4,FALSE,TRUE,188000,FALSE,95,FALSE,FALSE,FALSE,"Piso"
"462",FALSE,4,FALSE,FALSE,285000,FALSE,182,FALSE,FALSE,FALSE,"Piso"
"463",FALSE,3,FALSE,FALSE,312000,TRUE,129,FALSE,FALSE,FALSE,"Piso"
"464",FALSE,3,FALSE,FALSE,350000,FALSE,85,FALSE,FALSE,FALSE,"Piso"
"465",FALSE,4,FALSE,FALSE,341300,FALSE,118,TRUE,FALSE,FALSE,"Otros"
"466",FALSE,3,FALSE,FALSE,295000,FALSE,127,TRUE,FALSE,FALSE,"Casa"
"467",FALSE,5,FALSE,TRUE,495000,FALSE,169,FALSE,FALSE,FALSE,"Casa"
"468",FALSE,3,FALSE,FALSE,250000,TRUE,95,FALSE,FALSE,FALSE,"Piso"
"469",FALSE,4,FALSE,TRUE,298800,TRUE,107,FALSE,FALSE,FALSE,"Piso"
"470",FALSE,3,FALSE,FALSE,138500,FALSE,92,FALSE,FALSE,FALSE,"Piso"
"471",FALSE,2,FALSE,FALSE,143000,FALSE,60,FALSE,FALSE,FALSE,"Piso"
"472",FALSE,2,FALSE,FALSE,188000,TRUE,66,FALSE,FALSE,FALSE,"Piso"
"473",FALSE,3,FALSE,FALSE,156000,TRUE,61,FALSE,FALSE,FALSE,"Piso"
"474",FALSE,2,FALSE,FALSE,196000,TRUE,43,FALSE,FALSE,FALSE,"Piso"
"475",FALSE,4,FALSE,TRUE,310000,FALSE,160,TRUE,FALSE,FALSE,"Casa"
"476",FALSE,3,FALSE,FALSE,192850,FALSE,99,FALSE,FALSE,FALSE,"Piso"
"477",FALSE,4,FALSE,TRUE,186000,FALSE,94,FALSE,FALSE,FALSE,"Piso"
"478",FALSE,3,FALSE,FALSE,199000,FALSE,85,FALSE,FALSE,FALSE,"Piso"
"479",FALSE,3,FALSE,FALSE,237000,TRUE,105,FALSE,FALSE,FALSE,"Piso"
"480",FALSE,3,FALSE,FALSE,223000,TRUE,90,FALSE,FALSE,FALSE,"Piso"
"481",FALSE,3,FALSE,TRUE,287000,TRUE,104,FALSE,FALSE,FALSE,"Piso"
"482",FALSE,2,FALSE,FALSE,77900,FALSE,57,FALSE,FALSE,FALSE,"Piso"
"484",FALSE,4,FALSE,FALSE,321000,TRUE,91,FALSE,FALSE,FALSE,"Piso"
"485",FALSE,4,FALSE,TRUE,368000,FALSE,204,FALSE,FALSE,FALSE,"Casa"
"487",FALSE,6,FALSE,TRUE,385000,FALSE,160,FALSE,FALSE,FALSE,"Casa"
"488",FALSE,4,FALSE,TRUE,362000,FALSE,158,TRUE,FALSE,FALSE,"Casa"
"489",FALSE,2,FALSE,FALSE,178920,TRUE,42,FALSE,FALSE,FALSE,"Piso"
"490",FALSE,2,FALSE,FALSE,186900,TRUE,42,FALSE,FALSE,FALSE,"Piso"
"492",FALSE,4,FALSE,FALSE,168000,FALSE,106,FALSE,FALSE,FALSE,"Piso"
"494",TRUE,4,FALSE,FALSE,345000,TRUE,152,FALSE,FALSE,FALSE,"Piso"
"496",FALSE,3,FALSE,FALSE,199000,FALSE,85,FALSE,FALSE,FALSE,"Piso"
"497",FALSE,2,FALSE,TRUE,270000,FALSE,75,FALSE,FALSE,FALSE,"Piso"
"498",FALSE,2,FALSE,FALSE,261970,TRUE,59,FALSE,FALSE,FALSE,"Otros"
"499",FALSE,3,FALSE,FALSE,320200,TRUE,74,FALSE,FALSE,FALSE,"Otros"
"500",FALSE,3,FALSE,FALSE,65000,FALSE,65,FALSE,FALSE,FALSE,"Otros"
"501",FALSE,4,FALSE,FALSE,365000,FALSE,199,TRUE,FALSE,TRUE,"Casa"
"502",FALSE,4,FALSE,TRUE,349000,FALSE,184,FALSE,FALSE,FALSE,"Casa"
"503",FALSE,4,FALSE,FALSE,372000,FALSE,135,FALSE,FALSE,FALSE,"Otros"
"504",FALSE,2,FALSE,FALSE,178000,FALSE,80,FALSE,FALSE,FALSE,"Piso"
"505",FALSE,3,FALSE,FALSE,165000,FALSE,68,FALSE,FALSE,FALSE,"Piso"
"506",FALSE,2,FALSE,FALSE,430000,TRUE,64,FALSE,FALSE,FALSE,"Piso"
"507",FALSE,2,FALSE,FALSE,360000,TRUE,64,FALSE,FALSE,FALSE,"Piso"
"508",FALSE,3,FALSE,FALSE,475000,TRUE,89,FALSE,FALSE,FALSE,"Piso"
"509",FALSE,3,FALSE,FALSE,495000,TRUE,89,FALSE,FALSE,FALSE,"Piso"
"510",FALSE,5,FALSE,TRUE,545000,FALSE,202,FALSE,FALSE,FALSE,"Casa"
"512",FALSE,3,FALSE,TRUE,2e+05,TRUE,76,FALSE,FALSE,FALSE,"Piso"
"513",FALSE,3,FALSE,FALSE,189000,TRUE,81,FALSE,FALSE,FALSE,"Piso"
"514",FALSE,3,FALSE,FALSE,230000,FALSE,113,FALSE,FALSE,FALSE,"Otros"
"515",FALSE,3,FALSE,TRUE,280000,FALSE,147,FALSE,FALSE,FALSE,"Casa"
"516",FALSE,2,FALSE,FALSE,260000,TRUE,123,FALSE,FALSE,FALSE,"Piso"
"517",FALSE,3,FALSE,FALSE,375000,TRUE,75,FALSE,FALSE,FALSE,"Piso"
"518",TRUE,3,FALSE,TRUE,115000,FALSE,60,FALSE,FALSE,FALSE,"Otros"
"519",FALSE,3,FALSE,FALSE,207000,TRUE,71,FALSE,FALSE,FALSE,"Piso"
"520",FALSE,5,FALSE,TRUE,280000,FALSE,132,FALSE,FALSE,FALSE,"Otros"
"521",TRUE,3,FALSE,FALSE,350000,FALSE,82,FALSE,FALSE,FALSE,"Piso"
"522",FALSE,3,FALSE,FALSE,325000,TRUE,99,FALSE,FALSE,FALSE,"Piso"
"524",FALSE,2,FALSE,FALSE,155000,FALSE,76,FALSE,FALSE,FALSE,"Piso"
"525",FALSE,4,FALSE,FALSE,205000,FALSE,113,FALSE,FALSE,FALSE,"Piso"
"526",FALSE,3,FALSE,FALSE,2e+05,TRUE,64,FALSE,FALSE,FALSE,"Piso"
"527",FALSE,4,FALSE,FALSE,264500,TRUE,130,FALSE,FALSE,FALSE,"Piso"
"529",FALSE,3,FALSE,FALSE,199500,TRUE,63,FALSE,FALSE,FALSE,"Piso"
"531",FALSE,3,FALSE,FALSE,89000,FALSE,57,FALSE,FALSE,FALSE,"Piso"
"532",FALSE,3,FALSE,TRUE,258500,TRUE,89,FALSE,FALSE,FALSE,"Piso"
"534",FALSE,3,FALSE,FALSE,320000,TRUE,130,FALSE,FALSE,FALSE,"Piso"
"535",TRUE,3,FALSE,FALSE,205000,TRUE,86,FALSE,FALSE,FALSE,"Piso"
"536",FALSE,2,FALSE,FALSE,135000,FALSE,60,FALSE,FALSE,FALSE,"Piso"
"537",FALSE,5,FALSE,FALSE,196185,TRUE,47,TRUE,FALSE,FALSE,"Piso"
"540",FALSE,4,FALSE,FALSE,230000,FALSE,100,TRUE,FALSE,FALSE,"Piso"
"542",FALSE,4,FALSE,FALSE,295000,TRUE,84,FALSE,FALSE,FALSE,"Piso"
"543",FALSE,3,FALSE,FALSE,180000,TRUE,79,FALSE,FALSE,FALSE,"Piso"
"546",FALSE,4,FALSE,TRUE,320000,FALSE,178,TRUE,FALSE,FALSE,"Casa"
"547",FALSE,4,FALSE,TRUE,324999,TRUE,105,FALSE,FALSE,FALSE,"Piso"
"548",FALSE,4,FALSE,FALSE,399000,TRUE,148,FALSE,FALSE,FALSE,"Piso"
"549",FALSE,2,FALSE,FALSE,196245,TRUE,44,FALSE,FALSE,FALSE,"Piso"
"550",FALSE,2,FALSE,FALSE,235335,TRUE,43,FALSE,FALSE,FALSE,"Piso"
"551",FALSE,2,FALSE,FALSE,205000,TRUE,44,FALSE,FALSE,FALSE,"Piso"
"552",FALSE,2,FALSE,FALSE,191790,TRUE,43,FALSE,FALSE,FALSE,"Piso"
"553",FALSE,4,FALSE,FALSE,244999,TRUE,97,FALSE,FALSE,FALSE,"Piso"
"554",FALSE,4,FALSE,FALSE,244999,TRUE,97,FALSE,FALSE,FALSE,"Piso"
"555",FALSE,4,FALSE,FALSE,420000,TRUE,124,FALSE,FALSE,FALSE,"Piso"
"556",FALSE,2,FALSE,FALSE,186900,TRUE,42,FALSE,FALSE,FALSE,"Piso"
"557",FALSE,2,FALSE,FALSE,191790,TRUE,43,FALSE,FALSE,FALSE,"Piso"
"558",FALSE,2,FALSE,FALSE,157990,TRUE,44,FALSE,FALSE,FALSE,"Piso"
"559",FALSE,4,FALSE,TRUE,280000,FALSE,159,FALSE,FALSE,FALSE,"Casa"
"560",FALSE,3,FALSE,FALSE,180000,TRUE,74,FALSE,FALSE,FALSE,"Piso"
"561",FALSE,2,FALSE,FALSE,242000,TRUE,80,FALSE,FALSE,FALSE,"Piso"
"562",FALSE,4,FALSE,FALSE,289000,TRUE,110,FALSE,FALSE,FALSE,"Piso"
"563",FALSE,3,FALSE,FALSE,150000,FALSE,80,TRUE,FALSE,FALSE,"Piso"
"564",FALSE,3,FALSE,FALSE,375000,TRUE,86,FALSE,FALSE,FALSE,"Piso"
"565",FALSE,4,FALSE,FALSE,479500,TRUE,138,FALSE,FALSE,FALSE,"Piso"
"566",FALSE,3,FALSE,TRUE,175000,FALSE,78,FALSE,FALSE,FALSE,"Piso"
"569",FALSE,3,FALSE,TRUE,325000,TRUE,110,FALSE,FALSE,FALSE,"Piso"
"570",FALSE,3,FALSE,TRUE,180000,TRUE,74,FALSE,FALSE,FALSE,"Piso"
"571",FALSE,5,FALSE,TRUE,279000,FALSE,203,FALSE,FALSE,FALSE,"Otros"
"572",FALSE,4,FALSE,FALSE,289000,TRUE,110,FALSE,FALSE,FALSE,"Piso"
"573",FALSE,3,FALSE,FALSE,134000,FALSE,75,FALSE,FALSE,FALSE,"Otros"
"574",FALSE,3,FALSE,TRUE,230000,FALSE,110,TRUE,FALSE,FALSE,"Casa"
"576",FALSE,3,FALSE,FALSE,350000,FALSE,82,FALSE,FALSE,FALSE,"Piso"
"577",FALSE,4,FALSE,FALSE,290000,TRUE,100,FALSE,FALSE,FALSE,"Piso"
"579",FALSE,2,FALSE,FALSE,4e+05,TRUE,63,FALSE,FALSE,FALSE,"Piso"
"580",FALSE,2,FALSE,FALSE,105000,FALSE,61,FALSE,FALSE,TRUE,"Piso"
"581",FALSE,3,FALSE,FALSE,350000,FALSE,82,FALSE,FALSE,FALSE,"Piso"
"582",FALSE,4,FALSE,TRUE,440000,FALSE,203,FALSE,FALSE,FALSE,"Casa"
"583",FALSE,4,FALSE,TRUE,297800,FALSE,138,FALSE,FALSE,FALSE,"Casa"
"584",FALSE,4,FALSE,TRUE,297800,FALSE,138,FALSE,FALSE,FALSE,"Casa"
"585",FALSE,2,FALSE,FALSE,175980,TRUE,42,FALSE,FALSE,FALSE,"Piso"
"586",FALSE,4,FALSE,TRUE,213000,FALSE,98,FALSE,FALSE,FALSE,"Piso"
"587",FALSE,3,FALSE,FALSE,150000,TRUE,59,FALSE,FALSE,FALSE,"Piso"
"588",FALSE,3,FALSE,FALSE,147000,TRUE,80,FALSE,FALSE,FALSE,"Piso"
"589",FALSE,4,FALSE,TRUE,368000,FALSE,204,FALSE,FALSE,FALSE,"Casa"
"590",FALSE,3,FALSE,FALSE,375000,TRUE,86,FALSE,FALSE,FALSE,"Piso"
"591",FALSE,3,FALSE,FALSE,110000,FALSE,63,FALSE,FALSE,FALSE,"Piso"
"592",FALSE,3,FALSE,FALSE,350000,FALSE,82,FALSE,FALSE,FALSE,"Piso"
"593",FALSE,4,FALSE,FALSE,208220,FALSE,117,FALSE,FALSE,FALSE,"Piso"
"597",FALSE,3,FALSE,TRUE,295000,FALSE,120,TRUE,FALSE,FALSE,"Casa"
"598",FALSE,5,FALSE,FALSE,290000,FALSE,140,TRUE,FALSE,FALSE,"Casa"
"599",FALSE,2,FALSE,TRUE,265000,TRUE,76,FALSE,FALSE,FALSE,"Piso"
"600",FALSE,4,FALSE,FALSE,275000,TRUE,130,FALSE,FALSE,FALSE,"Piso"
"601",FALSE,2,FALSE,TRUE,178000,FALSE,85,FALSE,FALSE,FALSE,"Piso"
"602",FALSE,3,FALSE,FALSE,373000,TRUE,92,FALSE,FALSE,FALSE,"Piso"
"604",FALSE,4,FALSE,TRUE,284900,TRUE,107,FALSE,FALSE,FALSE,"Piso"
"605",FALSE,4,FALSE,FALSE,255000,TRUE,98,FALSE,FALSE,FALSE,"Piso"
"606",FALSE,3,FALSE,FALSE,316000,FALSE,118,FALSE,FALSE,FALSE,"Piso"
"607",FALSE,4,FALSE,TRUE,284900,TRUE,107,FALSE,FALSE,FALSE,"Piso"
"608",FALSE,3,FALSE,FALSE,174999,FALSE,78,FALSE,FALSE,FALSE,"Piso"
"609",FALSE,3,FALSE,FALSE,174999,FALSE,78,FALSE,FALSE,FALSE,"Piso"
"610",FALSE,2,FALSE,FALSE,183000,TRUE,65,FALSE,FALSE,FALSE,"Piso"
"611",FALSE,3,FALSE,FALSE,156000,TRUE,60,FALSE,FALSE,FALSE,"Piso"
"612",FALSE,3,FALSE,FALSE,116000,FALSE,70,FALSE,FALSE,FALSE,"Piso"
"613",FALSE,3,FALSE,TRUE,230000,FALSE,113,FALSE,FALSE,FALSE,"Otros"
"614",FALSE,3,FALSE,FALSE,260000,TRUE,96,FALSE,FALSE,FALSE,"Piso"
"615",FALSE,4,FALSE,FALSE,325000,TRUE,115,FALSE,FALSE,FALSE,"Piso"
"616",FALSE,4,FALSE,FALSE,320000,FALSE,119,TRUE,FALSE,FALSE,"Piso"
"617",FALSE,3,FALSE,FALSE,331000,FALSE,118,FALSE,FALSE,FALSE,"Piso"
"618",FALSE,4,FALSE,TRUE,375000,FALSE,173,FALSE,FALSE,FALSE,"Casa"
"619",FALSE,4,FALSE,FALSE,220000,TRUE,80,FALSE,FALSE,FALSE,"Piso"
"620",FALSE,3,FALSE,TRUE,135000,FALSE,60,TRUE,FALSE,FALSE,"Piso"
"621",FALSE,2,FALSE,TRUE,244000,FALSE,175,FALSE,FALSE,FALSE,"Casa"
"622",FALSE,3,FALSE,FALSE,350000,FALSE,112,FALSE,FALSE,FALSE,"Piso"
"623",FALSE,4,FALSE,FALSE,331000,FALSE,132,FALSE,FALSE,FALSE,"Piso"
"624",FALSE,4,FALSE,FALSE,390000,FALSE,130,FALSE,FALSE,FALSE,"Piso"
"625",FALSE,3,FALSE,FALSE,295000,FALSE,111,FALSE,FALSE,FALSE,"Piso"
"626",FALSE,3,FALSE,FALSE,351000,FALSE,117,FALSE,FALSE,FALSE,"Piso"
"627",FALSE,3,FALSE,FALSE,535000,FALSE,150,FALSE,FALSE,FALSE,"Piso"
"628",FALSE,3,FALSE,TRUE,368500,TRUE,79,FALSE,FALSE,FALSE,"Piso"
"631",FALSE,3,FALSE,FALSE,180000,TRUE,95,FALSE,FALSE,FALSE,"Piso"
"632",FALSE,3,FALSE,FALSE,145000,TRUE,37,FALSE,FALSE,FALSE,"Otros"
"633",FALSE,2,FALSE,FALSE,180810,TRUE,43,FALSE,FALSE,FALSE,"Piso"
"634",FALSE,3,FALSE,TRUE,378999,TRUE,110,FALSE,FALSE,FALSE,"Piso"
"635",FALSE,4,FALSE,TRUE,324999,TRUE,105,FALSE,FALSE,FALSE,"Piso"
"636",FALSE,3,FALSE,TRUE,378999,TRUE,110,FALSE,FALSE,FALSE,"Piso"
"637",FALSE,2,FALSE,FALSE,179760,TRUE,42,FALSE,FALSE,FALSE,"Piso"
"638",FALSE,2,FALSE,FALSE,180810,TRUE,44,FALSE,FALSE,FALSE,"Piso"
"639",FALSE,2,FALSE,FALSE,180810,TRUE,43,FALSE,FALSE,FALSE,"Piso"
"640",FALSE,2,FALSE,FALSE,175980,TRUE,42,FALSE,FALSE,FALSE,"Piso"
"641",FALSE,2,FALSE,FALSE,179760,TRUE,42,FALSE,FALSE,FALSE,"Piso"
"642",FALSE,2,FALSE,FALSE,197440,TRUE,44,FALSE,FALSE,FALSE,"Piso"
"643",FALSE,2,FALSE,FALSE,181630,TRUE,44,FALSE,FALSE,FALSE,"Piso"
"644",FALSE,2,FALSE,FALSE,176820,TRUE,42,FALSE,FALSE,FALSE,"Piso"
"645",FALSE,2,FALSE,FALSE,191460,TRUE,43,FALSE,FALSE,FALSE,"Piso"
"646",FALSE,2,FALSE,FALSE,187345,TRUE,42,FALSE,FALSE,FALSE,"Piso"
"647",FALSE,4,FALSE,TRUE,360000,FALSE,146,FALSE,FALSE,FALSE,"Casa"
"648",FALSE,3,FALSE,FALSE,199000,FALSE,90,TRUE,FALSE,FALSE,"Piso"
"649",FALSE,2,FALSE,TRUE,172000,FALSE,52,FALSE,FALSE,FALSE,"Piso"
"650",FALSE,3,FALSE,FALSE,199000,FALSE,85,FALSE,FALSE,FALSE,"Casa"
"651",FALSE,3,FALSE,FALSE,275000,TRUE,82,FALSE,FALSE,FALSE,"Piso"
"652",FALSE,4,FALSE,TRUE,440000,FALSE,203,TRUE,FALSE,FALSE,"Casa"
"653",FALSE,6,FALSE,TRUE,390000,FALSE,160,FALSE,FALSE,FALSE,"Casa"
"654",FALSE,3,FALSE,FALSE,258000,TRUE,93,FALSE,FALSE,FALSE,"Piso"
"655",FALSE,4,FALSE,FALSE,320000,FALSE,119,TRUE,FALSE,FALSE,"Piso"
"656",FALSE,3,FALSE,TRUE,248000,TRUE,87,FALSE,FALSE,FALSE,"Piso"
"657",FALSE,3,FALSE,FALSE,325000,TRUE,74,FALSE,FALSE,FALSE,"Otros"
"658",FALSE,2,FALSE,FALSE,178920,TRUE,42,FALSE,FALSE,FALSE,"Piso"
"659",FALSE,2,FALSE,FALSE,176820,TRUE,42,FALSE,FALSE,FALSE,"Piso"
"660",FALSE,4,FALSE,FALSE,192000,FALSE,95,TRUE,FALSE,FALSE,"Piso"
"661",FALSE,3,FALSE,FALSE,91000,FALSE,77,FALSE,FALSE,FALSE,"Piso"
"662",FALSE,3,FALSE,TRUE,220000,FALSE,168,FALSE,FALSE,FALSE,"Casa"
"663",FALSE,2,FALSE,FALSE,310000,TRUE,62,FALSE,FALSE,FALSE,"Piso"
"665",FALSE,5,FALSE,FALSE,220000,FALSE,165,FALSE,FALSE,FALSE,"Piso"
"666",FALSE,3,FALSE,FALSE,160000,TRUE,70,FALSE,FALSE,FALSE,"Piso"
"667",FALSE,4,FALSE,TRUE,360000,FALSE,210,FALSE,FALSE,FALSE,"Casa"
"668",FALSE,4,FALSE,FALSE,232000,TRUE,108,FALSE,FALSE,FALSE,"Piso"
"669",FALSE,3,FALSE,TRUE,248088.35550634,FALSE,99,TRUE,FALSE,FALSE,"Casa"
"670",FALSE,5,FALSE,TRUE,590000,FALSE,197,FALSE,FALSE,FALSE,"Casa"
"671",FALSE,4,FALSE,TRUE,190000,FALSE,108,FALSE,FALSE,FALSE,"Piso"
"672",FALSE,3,FALSE,TRUE,280000,FALSE,170,FALSE,FALSE,FALSE,"Casa"
"673",FALSE,3,FALSE,TRUE,230000,FALSE,100,TRUE,FALSE,FALSE,"Casa"
"676",FALSE,2,FALSE,FALSE,330000,TRUE,62,FALSE,FALSE,FALSE,"Piso"
"677",FALSE,2,FALSE,TRUE,335000,FALSE,90,FALSE,FALSE,FALSE,"Piso"
"678",FALSE,2,FALSE,FALSE,90000,FALSE,82,FALSE,FALSE,FALSE,"Piso"
"679",FALSE,4,FALSE,TRUE,399000,FALSE,200,TRUE,FALSE,FALSE,"Casa"
"680",FALSE,4,FALSE,FALSE,250000,FALSE,111,TRUE,FALSE,FALSE,"Piso"
"681",FALSE,4,FALSE,TRUE,215000,FALSE,108,FALSE,FALSE,FALSE,"Piso"
"682",FALSE,4,FALSE,TRUE,375000,FALSE,173,FALSE,FALSE,FALSE,"Casa"
"683",FALSE,4,FALSE,TRUE,297800,FALSE,169,FALSE,FALSE,FALSE,"Casa"
"684",FALSE,4,FALSE,TRUE,540000,FALSE,169,FALSE,FALSE,FALSE,"Casa"
"685",FALSE,2,FALSE,FALSE,145000,FALSE,65,FALSE,FALSE,FALSE,"Piso"
"686",FALSE,3,FALSE,FALSE,394000,FALSE,209,TRUE,FALSE,TRUE,"Casa"
"687",FALSE,3,FALSE,TRUE,215000,FALSE,85,FALSE,FALSE,FALSE,"Piso"
"688",FALSE,2,FALSE,FALSE,194000,FALSE,105,FALSE,FALSE,FALSE,"Piso"
"689",FALSE,6,FALSE,TRUE,380000,FALSE,176,FALSE,FALSE,FALSE,"Casa"
"690",FALSE,2,FALSE,TRUE,249000,FALSE,58,TRUE,FALSE,FALSE,"Otros"
"691",FALSE,4,FALSE,FALSE,285000,FALSE,169,FALSE,FALSE,FALSE,"Casa"
"692",FALSE,3,FALSE,FALSE,298000,TRUE,104,FALSE,FALSE,FALSE,"Piso"
"693",FALSE,3,FALSE,FALSE,344990,FALSE,106,FALSE,FALSE,FALSE,"Casa"
"694",FALSE,2,FALSE,FALSE,175000,TRUE,62,FALSE,FALSE,FALSE,"Piso"
"695",FALSE,3,FALSE,FALSE,220000,TRUE,68,FALSE,FALSE,FALSE,"Piso"
"696",FALSE,2,FALSE,FALSE,240000,FALSE,121,FALSE,FALSE,FALSE,"Casa"
"700",FALSE,4,FALSE,FALSE,175000,TRUE,90,FALSE,FALSE,FALSE,"Piso"
"701",FALSE,3,FALSE,FALSE,238000,TRUE,123,FALSE,FALSE,FALSE,"Piso"
"702",FALSE,4,FALSE,FALSE,305000,TRUE,95,FALSE,FALSE,FALSE,"Piso"
"703",FALSE,3,FALSE,FALSE,238000,TRUE,123,FALSE,FALSE,FALSE,"Piso"
"704",FALSE,2,FALSE,FALSE,138372,FALSE,58,FALSE,FALSE,FALSE,"Piso"
"705",FALSE,2,FALSE,FALSE,186450,TRUE,41,FALSE,FALSE,FALSE,"Piso"
"706",FALSE,3,FALSE,TRUE,212800,TRUE,85,FALSE,FALSE,FALSE,"Piso"
"707",FALSE,3,FALSE,FALSE,238000,TRUE,123,FALSE,FALSE,FALSE,"Piso"
"708",FALSE,3,FALSE,FALSE,376000,FALSE,109,FALSE,FALSE,FALSE,"Piso"
"709",FALSE,3,FALSE,FALSE,321000,FALSE,117,FALSE,FALSE,FALSE,"Piso"
"710",FALSE,3,FALSE,FALSE,331000,FALSE,132,FALSE,FALSE,FALSE,"Piso"
"712",FALSE,2,FALSE,FALSE,218000,TRUE,75,FALSE,FALSE,FALSE,"Piso"
"714",FALSE,6,FALSE,TRUE,385000,FALSE,160,FALSE,FALSE,FALSE,"Casa"
"715",FALSE,2,FALSE,FALSE,178000,FALSE,85,FALSE,FALSE,FALSE,"Piso"
"716",TRUE,3,FALSE,FALSE,334520,FALSE,107,FALSE,FALSE,FALSE,"Casa"
"717",TRUE,3,FALSE,FALSE,280000,FALSE,170,FALSE,FALSE,FALSE,"Casa"
"718",FALSE,4,FALSE,TRUE,330000,FALSE,150,FALSE,FALSE,FALSE,"Casa"
"719",FALSE,5,FALSE,TRUE,299000,FALSE,170,FALSE,FALSE,FALSE,"Casa"
"721",TRUE,4,FALSE,FALSE,379500,TRUE,103,FALSE,FALSE,FALSE,"Piso"
"722",TRUE,4,FALSE,FALSE,372900,TRUE,109,FALSE,FALSE,FALSE,"Piso"
"723",TRUE,3,FALSE,FALSE,357500,TRUE,102,FALSE,FALSE,FALSE,"Piso"
"725",FALSE,3,FALSE,TRUE,205000,FALSE,66,FALSE,FALSE,FALSE,"Piso"
"726",FALSE,4,FALSE,FALSE,280000,FALSE,180,TRUE,FALSE,FALSE,"Casa"
"727",FALSE,3,FALSE,FALSE,82800,FALSE,68,FALSE,FALSE,FALSE,"Piso"
"728",FALSE,3,FALSE,TRUE,278000,FALSE,180,TRUE,FALSE,FALSE,"Casa"
"730",FALSE,2,FALSE,FALSE,238000,TRUE,123,FALSE,FALSE,FALSE,"Piso"
"731",TRUE,3,FALSE,FALSE,212800,TRUE,120,FALSE,FALSE,FALSE,"Piso"
"732",FALSE,2,FALSE,FALSE,110000,FALSE,60,FALSE,FALSE,FALSE,"Piso"
"733",FALSE,3,FALSE,FALSE,165000,TRUE,66,FALSE,FALSE,FALSE,"Piso"
"734",FALSE,3,FALSE,FALSE,199000,FALSE,85,FALSE,FALSE,TRUE,"Piso"
"735",FALSE,4,FALSE,FALSE,253000,TRUE,109,FALSE,FALSE,FALSE,"Piso"
"736",FALSE,3,FALSE,FALSE,140000,FALSE,71,FALSE,FALSE,FALSE,"Piso"
"737",FALSE,3,FALSE,FALSE,238000,TRUE,105,FALSE,FALSE,FALSE,"Otros"
"738",FALSE,4,FALSE,FALSE,264500,TRUE,110,FALSE,FALSE,FALSE,"Piso"
"739",FALSE,3,FALSE,TRUE,280000,TRUE,100,FALSE,FALSE,FALSE,"Otros"
"740",FALSE,3,FALSE,FALSE,179000,FALSE,84,FALSE,FALSE,FALSE,"Piso"
"741",FALSE,3,FALSE,FALSE,210000,TRUE,83,FALSE,FALSE,FALSE,"Piso"
"742",FALSE,4,FALSE,TRUE,286000,FALSE,164,FALSE,FALSE,FALSE,"Casa"
"743",FALSE,3,FALSE,FALSE,210000,FALSE,70,FALSE,FALSE,FALSE,"Piso"
"744",FALSE,4,FALSE,TRUE,410000,FALSE,192,TRUE,FALSE,FALSE,"Casa"
"745",FALSE,4,FALSE,TRUE,330000,FALSE,150,TRUE,FALSE,FALSE,"Casa"
"746",FALSE,4,FALSE,TRUE,280000,FALSE,153,TRUE,FALSE,FALSE,"Casa"
"748",FALSE,3,FALSE,TRUE,199000,FALSE,85,TRUE,FALSE,FALSE,"Piso"
"749",FALSE,4,FALSE,TRUE,490000,FALSE,185,FALSE,FALSE,FALSE,"Casa"
"750",FALSE,2,FALSE,FALSE,215000,FALSE,192,FALSE,FALSE,FALSE,"Otros"
"751",FALSE,4,FALSE,TRUE,280000,FALSE,150,FALSE,FALSE,FALSE,"Casa"
"752",FALSE,2,FALSE,TRUE,285000,FALSE,77,FALSE,FALSE,FALSE,"Casa"
"753",FALSE,3,FALSE,FALSE,175000,TRUE,90,FALSE,FALSE,FALSE,"Piso"
"754",FALSE,3,FALSE,FALSE,192850,FALSE,136,FALSE,FALSE,FALSE,"Piso"
"755",FALSE,4,FALSE,FALSE,280000,TRUE,103,FALSE,FALSE,FALSE,"Piso"
"756",FALSE,3,FALSE,TRUE,350000,FALSE,82,FALSE,FALSE,FALSE,"Piso"
"757",FALSE,3,FALSE,TRUE,330000,FALSE,70,FALSE,FALSE,FALSE,"Piso"
"758",FALSE,4,FALSE,TRUE,280000,FALSE,150,FALSE,FALSE,FALSE,"Casa"
"759",FALSE,3,FALSE,FALSE,210000,TRUE,79,FALSE,FALSE,FALSE,"Piso"
"760",FALSE,4,FALSE,FALSE,290000,TRUE,85,FALSE,FALSE,FALSE,"Piso"
"761",FALSE,3,FALSE,TRUE,380000,TRUE,89,FALSE,FALSE,FALSE,"Piso"
"762",FALSE,3,FALSE,TRUE,265000,FALSE,120,FALSE,FALSE,TRUE,"Casa"
"763",FALSE,6,FALSE,FALSE,180000,TRUE,74,TRUE,FALSE,FALSE,"Piso"
"764",FALSE,4,FALSE,TRUE,284900,TRUE,107,FALSE,FALSE,FALSE,"Piso"
"766",FALSE,2,FALSE,FALSE,145000,TRUE,36,FALSE,FALSE,FALSE,"Piso"
"767",FALSE,4,FALSE,FALSE,183000,TRUE,75,FALSE,FALSE,FALSE,"Piso"
"768",FALSE,6,FALSE,FALSE,180000,TRUE,74,TRUE,FALSE,FALSE,"Piso"
"769",FALSE,6,FALSE,FALSE,180000,TRUE,74,TRUE,FALSE,FALSE,"Piso"
"770",FALSE,6,FALSE,FALSE,180000,TRUE,74,TRUE,FALSE,FALSE,"Piso"
"771",FALSE,6,FALSE,FALSE,180000,TRUE,74,TRUE,FALSE,FALSE,"Piso"
"772",FALSE,4,FALSE,FALSE,175000,TRUE,83,FALSE,FALSE,FALSE,"Piso"
"773",FALSE,2,FALSE,TRUE,140000,FALSE,65,FALSE,FALSE,FALSE,"Otros"
"774",FALSE,3,FALSE,FALSE,212800,TRUE,87,FALSE,FALSE,FALSE,"Piso"
"775",FALSE,3,FALSE,FALSE,361900,TRUE,95,FALSE,FALSE,FALSE,"Piso"
"776",FALSE,3,FALSE,FALSE,249500,TRUE,85,FALSE,FALSE,FALSE,"Piso"
"777",FALSE,2,FALSE,TRUE,290000,TRUE,70,FALSE,FALSE,FALSE,"Piso"
"778",FALSE,2,FALSE,TRUE,290000,TRUE,70,FALSE,FALSE,FALSE,"Piso"
"780",FALSE,3,FALSE,FALSE,361900,TRUE,95,FALSE,FALSE,FALSE,"Piso"
"781",FALSE,3,FALSE,FALSE,361900,TRUE,95,FALSE,FALSE,FALSE,"Piso"
"782",FALSE,3,FALSE,TRUE,280000,FALSE,153,FALSE,FALSE,FALSE,"Piso"
"783",FALSE,4,FALSE,FALSE,208220,FALSE,117,FALSE,FALSE,FALSE,"Piso"
"784",FALSE,3,FALSE,FALSE,235000,TRUE,65,FALSE,FALSE,FALSE,"Piso"
"785",FALSE,3,FALSE,TRUE,180000,TRUE,140,FALSE,FALSE,FALSE,"Piso"
"786",FALSE,2,FALSE,TRUE,151000,FALSE,80,FALSE,FALSE,FALSE,"Casa"
"787",FALSE,4,FALSE,TRUE,326000,FALSE,112,TRUE,FALSE,FALSE,"Piso"
"788",FALSE,2,FALSE,TRUE,179000,FALSE,80,FALSE,FALSE,FALSE,"Piso"
"789",FALSE,2,FALSE,FALSE,178000,FALSE,85,TRUE,FALSE,FALSE,"Piso"
"790",FALSE,4,FALSE,FALSE,199000,FALSE,115,FALSE,FALSE,FALSE,"Piso"
"791",FALSE,2,FALSE,FALSE,169000,TRUE,80,TRUE,FALSE,FALSE,"Piso"
"792",FALSE,4,FALSE,FALSE,141000,TRUE,83,FALSE,FALSE,FALSE,"Piso"
"793",TRUE,2,FALSE,FALSE,360000,TRUE,64,FALSE,FALSE,FALSE,"Piso"
"794",TRUE,2,FALSE,FALSE,4e+05,TRUE,63,FALSE,FALSE,FALSE,"Piso"
"795",FALSE,4,FALSE,TRUE,330000,FALSE,150,TRUE,FALSE,FALSE,"Casa"
"796",FALSE,3,FALSE,TRUE,350000,FALSE,85,FALSE,FALSE,FALSE,"Piso"
"797",FALSE,3,FALSE,FALSE,255000,FALSE,106,TRUE,FALSE,TRUE,"Piso"
"798",FALSE,3,FALSE,FALSE,91000,FALSE,77,FALSE,FALSE,FALSE,"Piso"
"799",FALSE,2,FALSE,TRUE,128000,FALSE,95,FALSE,FALSE,FALSE,"Casa"
"800",FALSE,4,FALSE,TRUE,425000,FALSE,209,FALSE,FALSE,FALSE,"Casa"
"802",FALSE,3,FALSE,TRUE,173000,FALSE,97,TRUE,FALSE,FALSE,"Casa"
"803",FALSE,4,FALSE,FALSE,133400,FALSE,83,FALSE,FALSE,FALSE,"Piso"
"804",FALSE,2,FALSE,TRUE,117000,FALSE,56,FALSE,FALSE,FALSE,"Piso"
"805",FALSE,4,FALSE,TRUE,297800,FALSE,169,TRUE,FALSE,FALSE,"Casa"
"806",FALSE,3,FALSE,FALSE,207000,TRUE,71,FALSE,FALSE,FALSE,"Piso"
"807",FALSE,3,FALSE,TRUE,389000,FALSE,113,TRUE,FALSE,FALSE,"Casa"
"808",FALSE,3,FALSE,TRUE,280000,FALSE,153,FALSE,FALSE,FALSE,"Casa"
"809",FALSE,3,FALSE,TRUE,232000,FALSE,142,TRUE,FALSE,FALSE,"Casa"
"810",FALSE,3,FALSE,TRUE,245000,FALSE,90,FALSE,FALSE,FALSE,"Piso"
"811",FALSE,4,FALSE,FALSE,276400,FALSE,138,FALSE,FALSE,FALSE,"Casa"
"812",FALSE,4,FALSE,TRUE,270000,FALSE,160,FALSE,FALSE,FALSE,"Casa"
"813",FALSE,3,FALSE,FALSE,95700,FALSE,38,FALSE,FALSE,FALSE,"Piso"
"814",FALSE,3,FALSE,TRUE,287000,FALSE,180,TRUE,FALSE,FALSE,"Casa"
"815",FALSE,3,FALSE,FALSE,365000,FALSE,180,TRUE,FALSE,FALSE,"Piso"
"816",FALSE,3,FALSE,FALSE,192850,FALSE,116,FALSE,FALSE,FALSE,"Piso"
"817",FALSE,4,FALSE,FALSE,295000,TRUE,97,FALSE,FALSE,FALSE,"Piso"
"818",FALSE,4,FALSE,FALSE,285000,TRUE,95,FALSE,FALSE,FALSE,"Piso"
"819",FALSE,3,FALSE,FALSE,260000,TRUE,69,FALSE,FALSE,FALSE,"Piso"
"821",FALSE,3,FALSE,FALSE,57500,FALSE,35,FALSE,FALSE,FALSE,"Otros"
"823",FALSE,3,FALSE,FALSE,116000,FALSE,60,FALSE,FALSE,FALSE,"Piso"
"824",FALSE,2,FALSE,TRUE,85000,FALSE,83,FALSE,FALSE,FALSE,"Otros"
"825",FALSE,2,FALSE,FALSE,135000,FALSE,54,FALSE,FALSE,FALSE,"Piso"
"826",FALSE,3,FALSE,FALSE,295000,FALSE,120,TRUE,FALSE,FALSE,"Casa"
"827",FALSE,6,FALSE,TRUE,295000,FALSE,120,FALSE,FALSE,FALSE,"Casa"
"828",FALSE,2,FALSE,TRUE,228500,TRUE,95,FALSE,FALSE,FALSE,"Piso"
"829",FALSE,5,FALSE,TRUE,540000,FALSE,162,FALSE,FALSE,FALSE,"Casa"
"830",FALSE,3,FALSE,FALSE,254000,FALSE,106,FALSE,FALSE,TRUE,"Piso"
"832",FALSE,4,FALSE,FALSE,375000,FALSE,206,FALSE,FALSE,FALSE,"Casa"
"833",FALSE,3,FALSE,TRUE,250000,TRUE,112,FALSE,FALSE,FALSE,"Piso"
"834",FALSE,3,FALSE,FALSE,77900,FALSE,57,FALSE,FALSE,FALSE,"Piso"
"835",FALSE,4,FALSE,TRUE,264500,TRUE,133,FALSE,FALSE,FALSE,"Piso"
"836",FALSE,4,FALSE,FALSE,201500,FALSE,141,FALSE,FALSE,FALSE,"Piso"
"837",FALSE,4,FALSE,FALSE,175000,FALSE,83,FALSE,FALSE,FALSE,"Piso"
"838",FALSE,3,FALSE,FALSE,165000,FALSE,65,FALSE,FALSE,FALSE,"Piso"
"839",FALSE,2,FALSE,FALSE,368500,TRUE,105,FALSE,FALSE,FALSE,"Piso"
"840",FALSE,2,FALSE,TRUE,258500,TRUE,73,FALSE,FALSE,FALSE,"Piso"
"841",FALSE,4,FALSE,TRUE,361900,TRUE,95,FALSE,FALSE,FALSE,"Piso"
"842",FALSE,3,FALSE,TRUE,368500,TRUE,105,FALSE,FALSE,FALSE,"Piso"
"844",FALSE,3,FALSE,FALSE,420000,TRUE,102,FALSE,FALSE,FALSE,"Piso"
"845",FALSE,2,FALSE,FALSE,306000,TRUE,94,FALSE,FALSE,TRUE,"Piso"
"846",FALSE,4,FALSE,TRUE,220000,FALSE,192,FALSE,FALSE,FALSE,"Casa"
"847",FALSE,2,FALSE,TRUE,178000,FALSE,85,TRUE,FALSE,FALSE,"Piso"
"848",FALSE,4,FALSE,FALSE,210000,TRUE,82,FALSE,FALSE,FALSE,"Piso"
"850",FALSE,5,FALSE,TRUE,350000,FALSE,182,FALSE,FALSE,FALSE,"Casa"
"851",FALSE,3,FALSE,FALSE,175000,FALSE,78,FALSE,FALSE,FALSE,"Piso"
"852",FALSE,4,FALSE,TRUE,237500,FALSE,200,FALSE,FALSE,FALSE,"Casa"
"853",FALSE,3,FALSE,FALSE,212800,FALSE,85,FALSE,FALSE,FALSE,"Piso"
"856",FALSE,3,FALSE,TRUE,244000,FALSE,135,FALSE,FALSE,FALSE,"Casa"
"857",FALSE,4,FALSE,FALSE,320000,FALSE,119,TRUE,FALSE,FALSE,"Piso"
"858",FALSE,2,FALSE,TRUE,398000,FALSE,62,FALSE,FALSE,FALSE,"Piso"
"859",FALSE,3,FALSE,FALSE,175000,FALSE,78,TRUE,FALSE,FALSE,"Piso"
"860",FALSE,2,FALSE,TRUE,158000,FALSE,57,TRUE,FALSE,FALSE,"Piso"
"861",FALSE,2,FALSE,TRUE,240000,FALSE,110,FALSE,FALSE,FALSE,"Casa"
"862",FALSE,2,FALSE,FALSE,158000,FALSE,75,TRUE,FALSE,FALSE,"Piso"
"863",FALSE,2,FALSE,FALSE,258500,TRUE,73,FALSE,FALSE,FALSE,"Piso"
"864",FALSE,2,FALSE,TRUE,265000,TRUE,76,FALSE,FALSE,FALSE,"Piso"
"865",FALSE,3,FALSE,FALSE,155000,FALSE,82,FALSE,FALSE,FALSE,"Piso"
"866",FALSE,4,FALSE,FALSE,117000,FALSE,91,FALSE,FALSE,FALSE,"Piso"
"867",FALSE,2,FALSE,FALSE,175000,FALSE,74,FALSE,FALSE,FALSE,"Piso"
"868",FALSE,3,FALSE,FALSE,205000,TRUE,44,FALSE,FALSE,FALSE,"Otros"
"869",FALSE,3,FALSE,FALSE,135000,FALSE,60,FALSE,FALSE,FALSE,"Piso"
"870",FALSE,3,FALSE,FALSE,184000,FALSE,90,FALSE,FALSE,FALSE,"Casa"
"871",FALSE,3,FALSE,FALSE,210000,FALSE,106,FALSE,FALSE,FALSE,"Piso"
"872",FALSE,2,FALSE,FALSE,160000,FALSE,62,FALSE,FALSE,FALSE,"Casa"
"873",FALSE,3,FALSE,FALSE,175000,FALSE,78,FALSE,FALSE,FALSE,"Piso"
"874",FALSE,3,FALSE,FALSE,238000,TRUE,124,FALSE,FALSE,FALSE,"Piso"
"876",FALSE,3,FALSE,TRUE,399000,FALSE,130,TRUE,FALSE,FALSE,"Casa"
"878",FALSE,3,FALSE,TRUE,305000,TRUE,85,FALSE,FALSE,FALSE,"Piso"
"879",FALSE,5,FALSE,FALSE,290000,FALSE,165,FALSE,FALSE,FALSE,"Piso"
"880",FALSE,4,FALSE,TRUE,375000,FALSE,173,TRUE,FALSE,FALSE,"Otros"
"881",FALSE,2,FALSE,FALSE,220000,FALSE,60,FALSE,FALSE,FALSE,"Piso"
"882",FALSE,2,FALSE,TRUE,229000,TRUE,70,FALSE,FALSE,FALSE,"Piso"
"883",FALSE,2,FALSE,FALSE,238000,FALSE,123,FALSE,FALSE,FALSE,"Piso"
"884",FALSE,3,FALSE,FALSE,185000,FALSE,115,FALSE,FALSE,FALSE,"Piso"
"885",FALSE,3,FALSE,FALSE,192850,FALSE,115,FALSE,FALSE,FALSE,"Piso"
"886",FALSE,3,FALSE,FALSE,119000,FALSE,85,FALSE,FALSE,FALSE,"Piso"
"887",FALSE,4,FALSE,FALSE,299000,TRUE,109,FALSE,FALSE,FALSE,"Piso"
"889",FALSE,4,FALSE,TRUE,480000,FALSE,191,FALSE,FALSE,FALSE,"Casa"
"890",FALSE,4,FALSE,TRUE,195000,FALSE,82,FALSE,FALSE,FALSE,"Piso"
"891",FALSE,2,FALSE,FALSE,295000,TRUE,68,FALSE,FALSE,FALSE,"Otros"
"892",FALSE,2,FALSE,FALSE,73000,FALSE,77,FALSE,FALSE,FALSE,"Piso"
"893",FALSE,2,FALSE,TRUE,210000,FALSE,66,FALSE,FALSE,TRUE,"Casa"
"894",FALSE,2,FALSE,TRUE,244000,FALSE,130,FALSE,FALSE,FALSE,"Casa"
"895",FALSE,2,FALSE,FALSE,135000,FALSE,65,FALSE,FALSE,FALSE,"Piso"
"897",FALSE,2,FALSE,FALSE,205000,TRUE,52,FALSE,FALSE,FALSE,"Piso"
"898",FALSE,3,FALSE,FALSE,185000,FALSE,115,FALSE,FALSE,FALSE,"Piso"
"899",FALSE,2,FALSE,FALSE,186455,TRUE,42,FALSE,FALSE,FALSE,"Piso"
"900",FALSE,2,FALSE,FALSE,165000,FALSE,58,TRUE,FALSE,TRUE,"Piso"
"901",FALSE,3,FALSE,TRUE,326000,FALSE,120,TRUE,FALSE,FALSE,"Piso"
"902",FALSE,3,FALSE,FALSE,140000,FALSE,71,FALSE,FALSE,FALSE,"Piso"
"903",FALSE,3,FALSE,TRUE,255000,FALSE,160,FALSE,FALSE,FALSE,"Casa"
"906",FALSE,4,FALSE,FALSE,237800,FALSE,92,FALSE,FALSE,FALSE,"Casa"
"907",FALSE,4,FALSE,FALSE,197000,TRUE,85,FALSE,FALSE,FALSE,"Piso"
"908",FALSE,2,FALSE,FALSE,180000,FALSE,56,FALSE,FALSE,FALSE,"Piso"
"910",FALSE,4,FALSE,FALSE,89000,FALSE,57,FALSE,FALSE,FALSE,"Piso"
"911",TRUE,2,FALSE,FALSE,163000,FALSE,53,FALSE,FALSE,FALSE,"Otros"
"912",FALSE,3,FALSE,FALSE,198500,FALSE,82,FALSE,FALSE,FALSE,"Piso"
"913",FALSE,3,FALSE,FALSE,293000,FALSE,85,FALSE,FALSE,FALSE,"Piso"
"914",FALSE,2,FALSE,FALSE,2e+05,FALSE,50,FALSE,FALSE,FALSE,"Casa"
"915",FALSE,3,FALSE,FALSE,114000,FALSE,60,FALSE,FALSE,FALSE,"Piso"
"916",TRUE,3,FALSE,FALSE,475000,TRUE,168,FALSE,FALSE,FALSE,"Piso"
"917",FALSE,2,FALSE,FALSE,250000,TRUE,60,FALSE,FALSE,FALSE,"Piso"
"919",FALSE,4,FALSE,FALSE,2e+05,TRUE,96,FALSE,FALSE,FALSE,"Piso"
"920",FALSE,2,FALSE,FALSE,178000,FALSE,85,FALSE,FALSE,FALSE,"Piso"
"922",FALSE,3,FALSE,FALSE,165000,FALSE,70,FALSE,FALSE,FALSE,"Piso"
"923",FALSE,2,FALSE,FALSE,77900,FALSE,59,FALSE,FALSE,FALSE,"Piso"
"925",FALSE,3,FALSE,FALSE,89000,FALSE,57,FALSE,FALSE,FALSE,"Piso"
"926",FALSE,3,FALSE,FALSE,89000,FALSE,57,FALSE,FALSE,FALSE,"Piso"
"927",FALSE,4,FALSE,TRUE,480000,TRUE,125,FALSE,FALSE,FALSE,"Piso"
"929",FALSE,3,FALSE,TRUE,351000,FALSE,114,FALSE,FALSE,FALSE,"Piso"
"932",FALSE,4,FALSE,TRUE,487000,TRUE,112,FALSE,FALSE,FALSE,"Piso"
"933",FALSE,4,FALSE,FALSE,350000,TRUE,108,FALSE,FALSE,FALSE,"Piso"
"934",FALSE,4,FALSE,FALSE,335000,TRUE,108,FALSE,FALSE,FALSE,"Piso"
"935",FALSE,4,FALSE,FALSE,345000,TRUE,108,FALSE,FALSE,FALSE,"Piso"
"936",FALSE,4,FALSE,FALSE,355000,TRUE,111,FALSE,FALSE,FALSE,"Piso"
"937",FALSE,4,FALSE,FALSE,330000,TRUE,111,FALSE,FALSE,FALSE,"Piso"
"939",FALSE,4,FALSE,FALSE,325000,TRUE,115,FALSE,FALSE,FALSE,"Piso"
"940",FALSE,4,FALSE,FALSE,499000,TRUE,143,FALSE,FALSE,FALSE,"Piso"
"941",FALSE,4,FALSE,FALSE,429762,TRUE,126,FALSE,FALSE,FALSE,"Piso"
"942",FALSE,4,FALSE,FALSE,399973,TRUE,124,FALSE,FALSE,FALSE,"Piso"
"943",FALSE,4,FALSE,FALSE,379343,TRUE,119,FALSE,FALSE,FALSE,"Piso"
"944",FALSE,4,FALSE,FALSE,426355,TRUE,129,FALSE,FALSE,FALSE,"Piso"
"945",FALSE,3,FALSE,FALSE,199000,TRUE,68,FALSE,FALSE,FALSE,"Piso"
"946",FALSE,2,FALSE,FALSE,167900,TRUE,62,FALSE,FALSE,FALSE,"Piso"
"949",FALSE,3,FALSE,FALSE,475000,FALSE,190,TRUE,FALSE,FALSE,"Casa"
"950",TRUE,4,FALSE,FALSE,370000,TRUE,114,FALSE,FALSE,FALSE,"Piso"
"956",TRUE,4,FALSE,FALSE,355000,TRUE,111,FALSE,FALSE,FALSE,"Piso"
"959",TRUE,3,FALSE,FALSE,335000,TRUE,98,FALSE,FALSE,FALSE,"Piso"
"960",TRUE,3,FALSE,FALSE,325000,TRUE,98,FALSE,FALSE,FALSE,"Piso"
"961",FALSE,4,FALSE,FALSE,325000,TRUE,109,FALSE,FALSE,FALSE,"Piso"
"962",FALSE,4,FALSE,FALSE,419680,TRUE,126,FALSE,FALSE,FALSE,"Piso"
"963",FALSE,4,FALSE,FALSE,399379,TRUE,119,FALSE,FALSE,FALSE,"Piso"
"964",FALSE,4,FALSE,FALSE,409574,TRUE,119,FALSE,FALSE,FALSE,"Piso"
"965",FALSE,4,FALSE,FALSE,389260,TRUE,119,FALSE,FALSE,FALSE,"Piso"
"966",FALSE,2,FALSE,FALSE,280140,TRUE,64,FALSE,FALSE,FALSE,"Piso"
"967",FALSE,4,FALSE,FALSE,426355,TRUE,129,FALSE,FALSE,FALSE,"Piso"
"968",FALSE,2,FALSE,FALSE,247324,TRUE,64,FALSE,FALSE,FALSE,"Piso"
"969",FALSE,3,FALSE,FALSE,274890,TRUE,64,FALSE,FALSE,FALSE,"Piso"
"970",FALSE,2,FALSE,FALSE,261970,TRUE,60,FALSE,FALSE,FALSE,"Piso"
"971",FALSE,3,FALSE,FALSE,320200,TRUE,74,FALSE,FALSE,FALSE,"Piso"
"972",FALSE,4,FALSE,FALSE,279000,TRUE,124,FALSE,FALSE,FALSE,"Piso"
"973",FALSE,4,FALSE,TRUE,280000,FALSE,180,FALSE,FALSE,FALSE,"Casa"
"974",FALSE,2,FALSE,FALSE,389944,TRUE,103,FALSE,FALSE,FALSE,"Piso"
"975",FALSE,3,FALSE,FALSE,274890,TRUE,64,FALSE,FALSE,FALSE,"Piso"
"976",FALSE,4,FALSE,TRUE,5e+05,FALSE,210,FALSE,FALSE,FALSE,"Otros"
"977",FALSE,3,FALSE,FALSE,275000,TRUE,91,FALSE,FALSE,FALSE,"Piso"
"979",FALSE,4,FALSE,FALSE,210900,TRUE,90,TRUE,FALSE,FALSE,"Piso"
"984",FALSE,4,FALSE,FALSE,450000,FALSE,210,FALSE,FALSE,FALSE,"Casa"
"985",FALSE,3,FALSE,FALSE,285000,FALSE,155,FALSE,FALSE,TRUE,"Piso"
"986",FALSE,3,FALSE,FALSE,367500,TRUE,121,FALSE,FALSE,FALSE,"Piso"
"988",FALSE,4,FALSE,FALSE,345000,TRUE,109,FALSE,FALSE,FALSE,"Piso"
"990",FALSE,3,FALSE,FALSE,341300,TRUE,152,FALSE,FALSE,FALSE,"Piso"
"994",FALSE,3,FALSE,FALSE,274890,TRUE,64,FALSE,FALSE,FALSE,"Piso"
"999",FALSE,4,FALSE,FALSE,275000,TRUE,106,FALSE,FALSE,FALSE,"Piso"
"1000",FALSE,4,FALSE,FALSE,325000,TRUE,115,FALSE,FALSE,FALSE,"Piso"
"1001",FALSE,3,FALSE,TRUE,360000,TRUE,115,FALSE,FALSE,FALSE,"Piso"
"1002",FALSE,2,FALSE,FALSE,129314,FALSE,60,FALSE,FALSE,FALSE,"Piso"
"1005",FALSE,4,FALSE,FALSE,260000,FALSE,131,FALSE,FALSE,FALSE,"Otros"
"1010",FALSE,3,FALSE,FALSE,212800,TRUE,120,FALSE,FALSE,FALSE,"Piso"
"1013",FALSE,3,FALSE,FALSE,95000,FALSE,205,FALSE,FALSE,FALSE,"Otros"
"1014",FALSE,3,FALSE,FALSE,124700,FALSE,83,FALSE,FALSE,FALSE,"Piso"
"1017",FALSE,3,FALSE,FALSE,90000,FALSE,74,FALSE,FALSE,FALSE,"Piso"
"1018",TRUE,4,FALSE,FALSE,499000,FALSE,142,FALSE,FALSE,FALSE,"Piso"
"1019",TRUE,3,FALSE,FALSE,459888,FALSE,130,FALSE,FALSE,FALSE,"Piso"
"1020",TRUE,3,FALSE,FALSE,389944,FALSE,103,FALSE,FALSE,FALSE,"Piso"
"1021",TRUE,4,FALSE,FALSE,479695,FALSE,127,FALSE,FALSE,FALSE,"Piso"
"1022",TRUE,4,FALSE,FALSE,429762,FALSE,126,FALSE,FALSE,FALSE,"Piso"
"1023",TRUE,4,FALSE,FALSE,409574,FALSE,124,FALSE,FALSE,FALSE,"Piso"
"1024",TRUE,4,FALSE,FALSE,419680,FALSE,126,FALSE,FALSE,FALSE,"Piso"
"1025",TRUE,4,FALSE,FALSE,389260,FALSE,119,FALSE,FALSE,FALSE,"Piso"
"1026",TRUE,4,FALSE,FALSE,399973,FALSE,124,FALSE,FALSE,FALSE,"Piso"
"1027",TRUE,4,FALSE,FALSE,379343,FALSE,114,FALSE,FALSE,FALSE,"Piso"
"1028",FALSE,3,FALSE,FALSE,281000,FALSE,206,FALSE,FALSE,FALSE,"Casa"
"1029",FALSE,4,FALSE,FALSE,409574,TRUE,119,FALSE,FALSE,FALSE,"Piso"
"1030",FALSE,4,FALSE,FALSE,419680,TRUE,126,FALSE,FALSE,FALSE,"Piso"
"1031",FALSE,4,FALSE,FALSE,399973,TRUE,124,FALSE,FALSE,FALSE,"Piso"
"1032",FALSE,3,FALSE,TRUE,281000,FALSE,210,FALSE,FALSE,FALSE,"Casa"
"1033",FALSE,3,FALSE,TRUE,281000,FALSE,207,FALSE,FALSE,FALSE,"Casa"
"1034",FALSE,3,FALSE,FALSE,184999,FALSE,78,FALSE,FALSE,FALSE,"Piso"
"1035",FALSE,3,FALSE,FALSE,184999,FALSE,78,FALSE,FALSE,FALSE,"Piso"
"1037",FALSE,4,FALSE,FALSE,280000,TRUE,83,FALSE,FALSE,FALSE,"Piso"
"1038",FALSE,5,FALSE,FALSE,5e+05,FALSE,149,FALSE,FALSE,FALSE,"Piso"
"1039",FALSE,3,FALSE,TRUE,278000,FALSE,180,FALSE,FALSE,FALSE,"Casa"
"1040",FALSE,4,FALSE,TRUE,379343,TRUE,114,FALSE,FALSE,FALSE,"Piso"
"1041",FALSE,3,FALSE,FALSE,305000,TRUE,99,FALSE,FALSE,FALSE,"Piso"
"1044",FALSE,2,FALSE,FALSE,136500,FALSE,56,FALSE,FALSE,FALSE,"Piso"
"1045",FALSE,4,FALSE,FALSE,495000,FALSE,152,TRUE,FALSE,FALSE,"Casa"
"1046",FALSE,2,FALSE,FALSE,124000,FALSE,55,FALSE,FALSE,FALSE,"Piso"
"1047",FALSE,3,FALSE,FALSE,179000,FALSE,100,FALSE,FALSE,FALSE,"Piso"
"1048",FALSE,4,FALSE,FALSE,499000,TRUE,143,FALSE,FALSE,FALSE,"Piso"
"1049",FALSE,3,FALSE,FALSE,459888,TRUE,103,FALSE,FALSE,FALSE,"Piso"
"1050",FALSE,3,FALSE,FALSE,389944,TRUE,103,FALSE,FALSE,FALSE,"Piso"
"1051",FALSE,4,FALSE,FALSE,429762,TRUE,126,FALSE,FALSE,FALSE,"Piso"
"1052",FALSE,4,FALSE,FALSE,399379,TRUE,119,FALSE,FALSE,FALSE,"Piso"
"1053",FALSE,4,FALSE,FALSE,389260,TRUE,119,FALSE,FALSE,FALSE,"Piso"
"1054",FALSE,3,FALSE,FALSE,295000,TRUE,170,FALSE,FALSE,FALSE,"Piso"
"1055",FALSE,3,FALSE,FALSE,149000,TRUE,86,FALSE,FALSE,FALSE,"Piso"
"1056",FALSE,3,FALSE,FALSE,128250,FALSE,130,FALSE,FALSE,FALSE,"Piso"
"1057",FALSE,4,FALSE,FALSE,210900,TRUE,90,FALSE,FALSE,FALSE,"Piso"
"1060",FALSE,4,FALSE,FALSE,380000,FALSE,209,FALSE,FALSE,FALSE,"Casa"
"1061",FALSE,3,FALSE,FALSE,330000,TRUE,84,FALSE,FALSE,FALSE,"Piso"
"1063",FALSE,5,FALSE,FALSE,330000,FALSE,150,FALSE,FALSE,FALSE,"Casa"
"1064",FALSE,4,FALSE,FALSE,426355,TRUE,129,TRUE,FALSE,FALSE,"Piso"
"1065",FALSE,4,FALSE,FALSE,379343,TRUE,119,TRUE,FALSE,FALSE,"Piso"
"1066",FALSE,2,FALSE,TRUE,227000,FALSE,74,FALSE,FALSE,FALSE,"Piso"
"1067",TRUE,3,FALSE,FALSE,199000,TRUE,68,FALSE,FALSE,FALSE,"Piso"
"1068",FALSE,3,FALSE,FALSE,375000,TRUE,72,FALSE,FALSE,FALSE,"Piso"
"1069",FALSE,4,FALSE,FALSE,237800,FALSE,90,FALSE,FALSE,FALSE,"Casa"
"1071",FALSE,3,FALSE,FALSE,325000,TRUE,74,FALSE,FALSE,FALSE,"Piso"
"1072",FALSE,2,FALSE,FALSE,210900,FALSE,90,FALSE,FALSE,FALSE,"Piso"
"1073",FALSE,2,FALSE,FALSE,205000,TRUE,52,FALSE,FALSE,FALSE,"Piso"
"1074",FALSE,3,FALSE,TRUE,244000,TRUE,67,FALSE,FALSE,FALSE,"Piso"
"1075",FALSE,2,FALSE,TRUE,445000,FALSE,120,FALSE,FALSE,FALSE,"Casa"
"1076",FALSE,2,FALSE,FALSE,151000,FALSE,80,FALSE,FALSE,FALSE,"Otros"
"1077",FALSE,3,FALSE,FALSE,118000,TRUE,122,FALSE,FALSE,FALSE,"Piso"
"1078",FALSE,2,FALSE,TRUE,219900,FALSE,74,FALSE,FALSE,FALSE,"Piso"
"1079",FALSE,2,FALSE,FALSE,160000,FALSE,85,FALSE,FALSE,TRUE,"Piso"
"1080",FALSE,4,FALSE,FALSE,117000,FALSE,110,FALSE,FALSE,FALSE,"Piso"
"1081",FALSE,3,FALSE,FALSE,195000,FALSE,103,FALSE,FALSE,FALSE,"Otros"
"1083",FALSE,2,FALSE,TRUE,295000,TRUE,79,FALSE,FALSE,FALSE,"Piso"
"1084",FALSE,3,FALSE,TRUE,380000,TRUE,99,FALSE,FALSE,FALSE,"Otros"
"1087",FALSE,2,FALSE,FALSE,151000,FALSE,82,FALSE,FALSE,FALSE,"Casa"
"1088",FALSE,3,FALSE,FALSE,69400,FALSE,80,FALSE,FALSE,FALSE,"Casa"
"1089",FALSE,3,FALSE,FALSE,119000,FALSE,114,FALSE,FALSE,FALSE,"Piso"
"1091",FALSE,2,FALSE,FALSE,84900,FALSE,93,FALSE,FALSE,FALSE,"Casa"
"1094",FALSE,3,FALSE,TRUE,159000,FALSE,92,FALSE,FALSE,FALSE,"Piso"
"1095",FALSE,2,FALSE,TRUE,247500,FALSE,77,FALSE,FALSE,FALSE,"Casa"
"1096",FALSE,4,FALSE,TRUE,110000,FALSE,38,FALSE,FALSE,FALSE,"Otros"
"1097",FALSE,4,FALSE,FALSE,215000,FALSE,97,FALSE,FALSE,FALSE,"Piso"
